source,folder,spoken,text,variant,split,path
alarm 6 AM 1.wav,ALARM,alarm 6 AM,alarm 6 AM,clean,val,/mnt/jfs_hpc/home/ron.andrei.soriano/sandbox/VCM-v2/data_new/wavs/clean/ALARM/alarm 6 AM.wav
alarm 6 AM 1.wav,ALARM,alarm 6 AM,alarm 6 AM,hp80,train,/mnt/jfs_hpc/home/ron.andrei.soriano/sandbox/VCM-v2/data_new/wavs/hp80/ALARM/alarm 6 AM.wav
alarm 6 AM 1.wav,ALARM,alarm 6 AM,alarm 6 AM,rumble,train,/mnt/jfs_hpc/home/ron.andrei.soriano/sandbox/VCM-v2/data_new/wavs/rumble/ALARM/alarm 6 AM.wav
alarm 6 AM 1.wav,ALARM,alarm 6 AM,alarm 6 AM,white,train,/mnt/jfs_hpc/home/ron.andrei.soriano/sandbox/VCM-v2/data_new/wavs/white/ALARM/alarm 6 AM.wav
alarm 6 AM 1.wav,ALARM,alarm 6 AM,alarm 6 AM,babble,train,/mnt/jfs_hpc/home/ron.andrei.soriano/sandbox/VCM-v2/data_new/wavs/babble/ALARM/alarm 6 AM.wav
alarm 6 AM 1.wav,ALARM,alarm 6 AM,alarm 6 AM,reverb,train,/mnt/jfs_hpc/home/ron.andrei.soriano/sandbox/VCM-v2/data_new/wavs/reverb/ALARM/alarm 6 AM.wav
alarm 6 AM 1.wav,ALARM,alarm 6 AM,alarm 6 AM,pitch_up,train,/mnt/jfs_hpc/home/ron.andrei.soriano/sandbox/VCM-v2/data_new/wavs/pitch_up/ALARM/alarm 6 AM.wav
alarm 6 AM 1.wav,ALARM,alarm 6 AM,alarm 6 AM,pitch_down,train,/mnt/jfs_hpc/home/ron.andrei.soriano/sandbox/VCM-v2/data_new/wavs/pitch_down/ALARM/alarm 6 AM.wav
alarm 6 AM 1.wav,ALARM,alarm 6 AM,alarm 6 AM,stretch,train,/mnt/jfs_hpc/home/ron.andrei.soriano/sandbox/VCM-v2/data_new/wavs/stretch/ALARM/alarm 6 AM.wav
alarm 6 AM 2.wav,ALARM,alarm 6 AM,alarm 6 AM,clean,val,/mnt/jfs_hpc/home/ron.andrei.soriano/sandbox/VCM-v2/data_new/wavs/clean/ALARM/alarm 6 AM.wav
alarm 6 AM 2.wav,ALARM,alarm 6 AM,alarm 6 AM,hp80,train,/mnt/jfs_hpc/home/ron.andrei.soriano/sandbox/VCM-v2/data_new/wavs/hp80/ALARM/alarm 6 AM.wav
alarm 6 AM 2.wav,ALARM,alarm 6 AM,alarm 6 AM,rumble,train,/mnt/jfs_hpc/home/ron.andrei.soriano/sandbox/VCM-v2/data_new/wavs/rumble/ALARM/alarm 6 AM.wav
alarm 6 AM 2.wav,ALARM,alarm 6 AM,alarm 6 AM,white,train,/mnt/jfs_hpc/home/ron.andrei.soriano/sandbox/VCM-v2/data_new/wavs/white/ALARM/alarm 6 AM.wav
alarm 6 AM 2.wav,ALARM,alarm 6 AM,alarm 6 AM,babble,train,/mnt/jfs_hpc/home/ron.andrei.soriano/sandbox/VCM-v2/data_new/wavs/babble/ALARM/alarm 6 AM.wav
alarm 6 AM 2.wav,ALARM,alarm 6 AM,alarm 6 AM,reverb,train,/mnt/jfs_hpc/home/ron.andrei.soriano/sandbox/VCM-v2/data_new/wavs/reverb/ALARM/alarm 6 AM.wav
alarm 6 AM 2.wav,ALARM,alarm 6 AM,alarm 6 AM,pitch_up,train,/mnt/jfs_hpc/home/ron.andrei.soriano/sandbox/VCM-v2/data_new/wavs/pitch_up/ALARM/alarm 6 AM.wav
alarm 6 AM 2.wav,ALARM,alarm 6 AM,alarm 6 AM,pitch_down,train,/mnt/jfs_hpc/home/ron.andrei.soriano/sandbox/VCM-v2/data_new/wavs/pitch_down/ALARM/alarm 6 AM.wav
alarm 6 AM 2.wav,ALARM,alarm 6 AM,alarm 6 AM,stretch,train,/mnt/jfs_hpc/home/ron.andrei.soriano/sandbox/VCM-v2/data_new/wavs/stretch/ALARM/alarm 6 AM.wav
alarm 6 AM 3.wav,ALARM,alarm 6 AM,alarm 6 AM,clean,val,/mnt/jfs_hpc/home/ron.andrei.soriano/sandbox/VCM-v2/data_new/wavs/clean/ALARM/alarm 6 AM.wav
alarm 6 AM 3.wav,ALARM,alarm 6 AM,alarm 6 AM,hp80,train,/mnt/jfs_hpc/home/ron.andrei.soriano/sandbox/VCM-v2/data_new/wavs/hp80/ALARM/alarm 6 AM.wav
alarm 6 AM 3.wav,ALARM,alarm 6 AM,alarm 6 AM,rumble,train,/mnt/jfs_hpc/home/ron.andrei.soriano/sandbox/VCM-v2/data_new/wavs/rumble/ALARM/alarm 6 AM.wav
alarm 6 AM 3.wav,ALARM,alarm 6 AM,alarm 6 AM,white,train,/mnt/jfs_hpc/home/ron.andrei.soriano/sandbox/VCM-v2/data_new/wavs/white/ALARM/alarm 6 AM.wav
alarm 6 AM 3.wav,ALARM,alarm 6 AM,alarm 6 AM,babble,train,/mnt/jfs_hpc/home/ron.andrei.soriano/sandbox/VCM-v2/data_new/wavs/babble/ALARM/alarm 6 AM.wav
alarm 6 AM 3.wav,ALARM,alarm 6 AM,alarm 6 AM,reverb,train,/mnt/jfs_hpc/home/ron.andrei.soriano/sandbox/VCM-v2/data_new/wavs/reverb/ALARM/alarm 6 AM.wav
alarm 6 AM 3.wav,ALARM,alarm 6 AM,alarm 6 AM,pitch_up,train,/mnt/jfs_hpc/home/ron.andrei.soriano/sandbox/VCM-v2/data_new/wavs/pitch_up/ALARM/alarm 6 AM.wav
alarm 6 AM 3.wav,ALARM,alarm 6 AM,alarm 6 AM,pitch_down,train,/mnt/jfs_hpc/home/ron.andrei.soriano/sandbox/VCM-v2/data_new/wavs/pitch_down/ALARM/alarm 6 AM.wav
alarm 6 AM 3.wav,ALARM,alarm 6 AM,alarm 6 AM,stretch,train,/mnt/jfs_hpc/home/ron.andrei.soriano/sandbox/VCM-v2/data_new/wavs/stretch/ALARM/alarm 6 AM.wav
alarm 8 AM 1.wav,ALARM,alarm 8 AM,alarm 8 AM,clean,val,/mnt/jfs_hpc/home/ron.andrei.soriano/sandbox/VCM-v2/data_new/wavs/clean/ALARM/alarm 8 AM.wav
alarm 8 AM 1.wav,ALARM,alarm 8 AM,alarm 8 AM,hp80,train,/mnt/jfs_hpc/home/ron.andrei.soriano/sandbox/VCM-v2/data_new/wavs/hp80/ALARM/alarm 8 AM.wav
alarm 8 AM 1.wav,ALARM,alarm 8 AM,alarm 8 AM,rumble,train,/mnt/jfs_hpc/home/ron.andrei.soriano/sandbox/VCM-v2/data_new/wavs/rumble/ALARM/alarm 8 AM.wav
alarm 8 AM 1.wav,ALARM,alarm 8 AM,alarm 8 AM,white,train,/mnt/jfs_hpc/home/ron.andrei.soriano/sandbox/VCM-v2/data_new/wavs/white/ALARM/alarm 8 AM.wav
alarm 8 AM 1.wav,ALARM,alarm 8 AM,alarm 8 AM,babble,train,/mnt/jfs_hpc/home/ron.andrei.soriano/sandbox/VCM-v2/data_new/wavs/babble/ALARM/alarm 8 AM.wav
alarm 8 AM 1.wav,ALARM,alarm 8 AM,alarm 8 AM,reverb,train,/mnt/jfs_hpc/home/ron.andrei.soriano/sandbox/VCM-v2/data_new/wavs/reverb/ALARM/alarm 8 AM.wav
alarm 8 AM 1.wav,ALARM,alarm 8 AM,alarm 8 AM,pitch_up,train,/mnt/jfs_hpc/home/ron.andrei.soriano/sandbox/VCM-v2/data_new/wavs/pitch_up/ALARM/alarm 8 AM.wav
alarm 8 AM 1.wav,ALARM,alarm 8 AM,alarm 8 AM,pitch_down,train,/mnt/jfs_hpc/home/ron.andrei.soriano/sandbox/VCM-v2/data_new/wavs/pitch_down/ALARM/alarm 8 AM.wav
alarm 8 AM 1.wav,ALARM,alarm 8 AM,alarm 8 AM,stretch,train,/mnt/jfs_hpc/home/ron.andrei.soriano/sandbox/VCM-v2/data_new/wavs/stretch/ALARM/alarm 8 AM.wav
alarm 8 AM 2.wav,ALARM,alarm 8 AM,alarm 8 AM,clean,val,/mnt/jfs_hpc/home/ron.andrei.soriano/sandbox/VCM-v2/data_new/wavs/clean/ALARM/alarm 8 AM.wav
alarm 8 AM 2.wav,ALARM,alarm 8 AM,alarm 8 AM,hp80,train,/mnt/jfs_hpc/home/ron.andrei.soriano/sandbox/VCM-v2/data_new/wavs/hp80/ALARM/alarm 8 AM.wav
alarm 8 AM 2.wav,ALARM,alarm 8 AM,alarm 8 AM,rumble,train,/mnt/jfs_hpc/home/ron.andrei.soriano/sandbox/VCM-v2/data_new/wavs/rumble/ALARM/alarm 8 AM.wav
alarm 8 AM 2.wav,ALARM,alarm 8 AM,alarm 8 AM,white,train,/mnt/jfs_hpc/home/ron.andrei.soriano/sandbox/VCM-v2/data_new/wavs/white/ALARM/alarm 8 AM.wav
alarm 8 AM 2.wav,ALARM,alarm 8 AM,alarm 8 AM,babble,train,/mnt/jfs_hpc/home/ron.andrei.soriano/sandbox/VCM-v2/data_new/wavs/babble/ALARM/alarm 8 AM.wav
alarm 8 AM 2.wav,ALARM,alarm 8 AM,alarm 8 AM,reverb,train,/mnt/jfs_hpc/home/ron.andrei.soriano/sandbox/VCM-v2/data_new/wavs/reverb/ALARM/alarm 8 AM.wav
alarm 8 AM 2.wav,ALARM,alarm 8 AM,alarm 8 AM,pitch_up,train,/mnt/jfs_hpc/home/ron.andrei.soriano/sandbox/VCM-v2/data_new/wavs/pitch_up/ALARM/alarm 8 AM.wav
alarm 8 AM 2.wav,ALARM,alarm 8 AM,alarm 8 AM,pitch_down,train,/mnt/jfs_hpc/home/ron.andrei.soriano/sandbox/VCM-v2/data_new/wavs/pitch_down/ALARM/alarm 8 AM.wav
alarm 8 AM 2.wav,ALARM,alarm 8 AM,alarm 8 AM,stretch,train,/mnt/jfs_hpc/home/ron.andrei.soriano/sandbox/VCM-v2/data_new/wavs/stretch/ALARM/alarm 8 AM.wav
alarm 8 AM 3.wav,ALARM,alarm 8 AM,alarm 8 AM,clean,val,/mnt/jfs_hpc/home/ron.andrei.soriano/sandbox/VCM-v2/data_new/wavs/clean/ALARM/alarm 8 AM.wav
alarm 8 AM 3.wav,ALARM,alarm 8 AM,alarm 8 AM,hp80,train,/mnt/jfs_hpc/home/ron.andrei.soriano/sandbox/VCM-v2/data_new/wavs/hp80/ALARM/alarm 8 AM.wav
alarm 8 AM 3.wav,ALARM,alarm 8 AM,alarm 8 AM,rumble,train,/mnt/jfs_hpc/home/ron.andrei.soriano/sandbox/VCM-v2/data_new/wavs/rumble/ALARM/alarm 8 AM.wav
alarm 8 AM 3.wav,ALARM,alarm 8 AM,alarm 8 AM,white,train,/mnt/jfs_hpc/home/ron.andrei.soriano/sandbox/VCM-v2/data_new/wavs/white/ALARM/alarm 8 AM.wav
alarm 8 AM 3.wav,ALARM,alarm 8 AM,alarm 8 AM,babble,train,/mnt/jfs_hpc/home/ron.andrei.soriano/sandbox/VCM-v2/data_new/wavs/babble/ALARM/alarm 8 AM.wav
alarm 8 AM 3.wav,ALARM,alarm 8 AM,alarm 8 AM,reverb,train,/mnt/jfs_hpc/home/ron.andrei.soriano/sandbox/VCM-v2/data_new/wavs/reverb/ALARM/alarm 8 AM.wav
alarm 8 AM 3.wav,ALARM,alarm 8 AM,alarm 8 AM,pitch_up,train,/mnt/jfs_hpc/home/ron.andrei.soriano/sandbox/VCM-v2/data_new/wavs/pitch_up/ALARM/alarm 8 AM.wav
alarm 8 AM 3.wav,ALARM,alarm 8 AM,alarm 8 AM,pitch_down,train,/mnt/jfs_hpc/home/ron.andrei.soriano/sandbox/VCM-v2/data_new/wavs/pitch_down/ALARM/alarm 8 AM.wav
alarm 8 AM 3.wav,ALARM,alarm 8 AM,alarm 8 AM,stretch,train,/mnt/jfs_hpc/home/ron.andrei.soriano/sandbox/VCM-v2/data_new/wavs/stretch/ALARM/alarm 8 AM.wav
alarm 9 PM 1.wav,ALARM,alarm 9 PM,alarm 9 PM,clean,val,/mnt/jfs_hpc/home/ron.andrei.soriano/sandbox/VCM-v2/data_new/wavs/clean/ALARM/alarm 9 PM.wav
alarm 9 PM 1.wav,ALARM,alarm 9 PM,alarm 9 PM,hp80,train,/mnt/jfs_hpc/home/ron.andrei.soriano/sandbox/VCM-v2/data_new/wavs/hp80/ALARM/alarm 9 PM.wav
alarm 9 PM 1.wav,ALARM,alarm 9 PM,alarm 9 PM,rumble,train,/mnt/jfs_hpc/home/ron.andrei.soriano/sandbox/VCM-v2/data_new/wavs/rumble/ALARM/alarm 9 PM.wav
alarm 9 PM 1.wav,ALARM,alarm 9 PM,alarm 9 PM,white,train,/mnt/jfs_hpc/home/ron.andrei.soriano/sandbox/VCM-v2/data_new/wavs/white/ALARM/alarm 9 PM.wav
alarm 9 PM 1.wav,ALARM,alarm 9 PM,alarm 9 PM,babble,train,/mnt/jfs_hpc/home/ron.andrei.soriano/sandbox/VCM-v2/data_new/wavs/babble/ALARM/alarm 9 PM.wav
alarm 9 PM 1.wav,ALARM,alarm 9 PM,alarm 9 PM,reverb,train,/mnt/jfs_hpc/home/ron.andrei.soriano/sandbox/VCM-v2/data_new/wavs/reverb/ALARM/alarm 9 PM.wav
alarm 9 PM 1.wav,ALARM,alarm 9 PM,alarm 9 PM,pitch_up,train,/mnt/jfs_hpc/home/ron.andrei.soriano/sandbox/VCM-v2/data_new/wavs/pitch_up/ALARM/alarm 9 PM.wav
alarm 9 PM 1.wav,ALARM,alarm 9 PM,alarm 9 PM,pitch_down,train,/mnt/jfs_hpc/home/ron.andrei.soriano/sandbox/VCM-v2/data_new/wavs/pitch_down/ALARM/alarm 9 PM.wav
alarm 9 PM 1.wav,ALARM,alarm 9 PM,alarm 9 PM,stretch,train,/mnt/jfs_hpc/home/ron.andrei.soriano/sandbox/VCM-v2/data_new/wavs/stretch/ALARM/alarm 9 PM.wav
alarm 9 PM 2.wav,ALARM,alarm 9 PM,alarm 9 PM,clean,val,/mnt/jfs_hpc/home/ron.andrei.soriano/sandbox/VCM-v2/data_new/wavs/clean/ALARM/alarm 9 PM.wav
alarm 9 PM 2.wav,ALARM,alarm 9 PM,alarm 9 PM,hp80,train,/mnt/jfs_hpc/home/ron.andrei.soriano/sandbox/VCM-v2/data_new/wavs/hp80/ALARM/alarm 9 PM.wav
alarm 9 PM 2.wav,ALARM,alarm 9 PM,alarm 9 PM,rumble,train,/mnt/jfs_hpc/home/ron.andrei.soriano/sandbox/VCM-v2/data_new/wavs/rumble/ALARM/alarm 9 PM.wav
alarm 9 PM 2.wav,ALARM,alarm 9 PM,alarm 9 PM,white,train,/mnt/jfs_hpc/home/ron.andrei.soriano/sandbox/VCM-v2/data_new/wavs/white/ALARM/alarm 9 PM.wav
alarm 9 PM 2.wav,ALARM,alarm 9 PM,alarm 9 PM,babble,train,/mnt/jfs_hpc/home/ron.andrei.soriano/sandbox/VCM-v2/data_new/wavs/babble/ALARM/alarm 9 PM.wav
alarm 9 PM 2.wav,ALARM,alarm 9 PM,alarm 9 PM,reverb,train,/mnt/jfs_hpc/home/ron.andrei.soriano/sandbox/VCM-v2/data_new/wavs/reverb/ALARM/alarm 9 PM.wav
alarm 9 PM 2.wav,ALARM,alarm 9 PM,alarm 9 PM,pitch_up,train,/mnt/jfs_hpc/home/ron.andrei.soriano/sandbox/VCM-v2/data_new/wavs/pitch_up/ALARM/alarm 9 PM.wav
alarm 9 PM 2.wav,ALARM,alarm 9 PM,alarm 9 PM,pitch_down,train,/mnt/jfs_hpc/home/ron.andrei.soriano/sandbox/VCM-v2/data_new/wavs/pitch_down/ALARM/alarm 9 PM.wav
alarm 9 PM 2.wav,ALARM,alarm 9 PM,alarm 9 PM,stretch,train,/mnt/jfs_hpc/home/ron.andrei.soriano/sandbox/VCM-v2/data_new/wavs/stretch/ALARM/alarm 9 PM.wav
alarm 9 PM 3.wav,ALARM,alarm 9 PM,alarm 9 PM,clean,val,/mnt/jfs_hpc/home/ron.andrei.soriano/sandbox/VCM-v2/data_new/wavs/clean/ALARM/alarm 9 PM.wav
alarm 9 PM 3.wav,ALARM,alarm 9 PM,alarm 9 PM,hp80,train,/mnt/jfs_hpc/home/ron.andrei.soriano/sandbox/VCM-v2/data_new/wavs/hp80/ALARM/alarm 9 PM.wav
alarm 9 PM 3.wav,ALARM,alarm 9 PM,alarm 9 PM,rumble,train,/mnt/jfs_hpc/home/ron.andrei.soriano/sandbox/VCM-v2/data_new/wavs/rumble/ALARM/alarm 9 PM.wav
alarm 9 PM 3.wav,ALARM,alarm 9 PM,alarm 9 PM,white,train,/mnt/jfs_hpc/home/ron.andrei.soriano/sandbox/VCM-v2/data_new/wavs/white/ALARM/alarm 9 PM.wav
alarm 9 PM 3.wav,ALARM,alarm 9 PM,alarm 9 PM,babble,train,/mnt/jfs_hpc/home/ron.andrei.soriano/sandbox/VCM-v2/data_new/wavs/babble/ALARM/alarm 9 PM.wav
alarm 9 PM 3.wav,ALARM,alarm 9 PM,alarm 9 PM,reverb,train,/mnt/jfs_hpc/home/ron.andrei.soriano/sandbox/VCM-v2/data_new/wavs/reverb/ALARM/alarm 9 PM.wav
alarm 9 PM 3.wav,ALARM,alarm 9 PM,alarm 9 PM,pitch_up,train,/mnt/jfs_hpc/home/ron.andrei.soriano/sandbox/VCM-v2/data_new/wavs/pitch_up/ALARM/alarm 9 PM.wav
alarm 9 PM 3.wav,ALARM,alarm 9 PM,alarm 9 PM,pitch_down,train,/mnt/jfs_hpc/home/ron.andrei.soriano/sandbox/VCM-v2/data_new/wavs/pitch_down/ALARM/alarm 9 PM.wav
alarm 9 PM 3.wav,ALARM,alarm 9 PM,alarm 9 PM,stretch,train,/mnt/jfs_hpc/home/ron.andrei.soriano/sandbox/VCM-v2/data_new/wavs/stretch/ALARM/alarm 9 PM.wav
brightness 100 percent 1.wav,BRIGHTNESS,brightness 100 percent,brightness 100 percent,clean,val,/mnt/jfs_hpc/home/ron.andrei.soriano/sandbox/VCM-v2/data_new/wavs/clean/BRIGHTNESS/brightness 100 percent.wav
brightness 100 percent 1.wav,BRIGHTNESS,brightness 100 percent,brightness 100 percent,hp80,train,/mnt/jfs_hpc/home/ron.andrei.soriano/sandbox/VCM-v2/data_new/wavs/hp80/BRIGHTNESS/brightness 100 percent.wav
brightness 100 percent 1.wav,BRIGHTNESS,brightness 100 percent,brightness 100 percent,rumble,train,/mnt/jfs_hpc/home/ron.andrei.soriano/sandbox/VCM-v2/data_new/wavs/rumble/BRIGHTNESS/brightness 100 percent.wav
brightness 100 percent 1.wav,BRIGHTNESS,brightness 100 percent,brightness 100 percent,white,train,/mnt/jfs_hpc/home/ron.andrei.soriano/sandbox/VCM-v2/data_new/wavs/white/BRIGHTNESS/brightness 100 percent.wav
brightness 100 percent 1.wav,BRIGHTNESS,brightness 100 percent,brightness 100 percent,babble,train,/mnt/jfs_hpc/home/ron.andrei.soriano/sandbox/VCM-v2/data_new/wavs/babble/BRIGHTNESS/brightness 100 percent.wav
brightness 100 percent 1.wav,BRIGHTNESS,brightness 100 percent,brightness 100 percent,reverb,train,/mnt/jfs_hpc/home/ron.andrei.soriano/sandbox/VCM-v2/data_new/wavs/reverb/BRIGHTNESS/brightness 100 percent.wav
brightness 100 percent 1.wav,BRIGHTNESS,brightness 100 percent,brightness 100 percent,pitch_up,train,/mnt/jfs_hpc/home/ron.andrei.soriano/sandbox/VCM-v2/data_new/wavs/pitch_up/BRIGHTNESS/brightness 100 percent.wav
brightness 100 percent 1.wav,BRIGHTNESS,brightness 100 percent,brightness 100 percent,pitch_down,train,/mnt/jfs_hpc/home/ron.andrei.soriano/sandbox/VCM-v2/data_new/wavs/pitch_down/BRIGHTNESS/brightness 100 percent.wav
brightness 100 percent 1.wav,BRIGHTNESS,brightness 100 percent,brightness 100 percent,stretch,train,/mnt/jfs_hpc/home/ron.andrei.soriano/sandbox/VCM-v2/data_new/wavs/stretch/BRIGHTNESS/brightness 100 percent.wav
brightness 100 percent 2.wav,BRIGHTNESS,brightness 100 percent,brightness 100 percent,clean,val,/mnt/jfs_hpc/home/ron.andrei.soriano/sandbox/VCM-v2/data_new/wavs/clean/BRIGHTNESS/brightness 100 percent.wav
brightness 100 percent 2.wav,BRIGHTNESS,brightness 100 percent,brightness 100 percent,hp80,train,/mnt/jfs_hpc/home/ron.andrei.soriano/sandbox/VCM-v2/data_new/wavs/hp80/BRIGHTNESS/brightness 100 percent.wav
brightness 100 percent 2.wav,BRIGHTNESS,brightness 100 percent,brightness 100 percent,rumble,train,/mnt/jfs_hpc/home/ron.andrei.soriano/sandbox/VCM-v2/data_new/wavs/rumble/BRIGHTNESS/brightness 100 percent.wav
brightness 100 percent 2.wav,BRIGHTNESS,brightness 100 percent,brightness 100 percent,white,train,/mnt/jfs_hpc/home/ron.andrei.soriano/sandbox/VCM-v2/data_new/wavs/white/BRIGHTNESS/brightness 100 percent.wav
brightness 100 percent 2.wav,BRIGHTNESS,brightness 100 percent,brightness 100 percent,babble,train,/mnt/jfs_hpc/home/ron.andrei.soriano/sandbox/VCM-v2/data_new/wavs/babble/BRIGHTNESS/brightness 100 percent.wav
brightness 100 percent 2.wav,BRIGHTNESS,brightness 100 percent,brightness 100 percent,reverb,train,/mnt/jfs_hpc/home/ron.andrei.soriano/sandbox/VCM-v2/data_new/wavs/reverb/BRIGHTNESS/brightness 100 percent.wav
brightness 100 percent 2.wav,BRIGHTNESS,brightness 100 percent,brightness 100 percent,pitch_up,train,/mnt/jfs_hpc/home/ron.andrei.soriano/sandbox/VCM-v2/data_new/wavs/pitch_up/BRIGHTNESS/brightness 100 percent.wav
brightness 100 percent 2.wav,BRIGHTNESS,brightness 100 percent,brightness 100 percent,pitch_down,train,/mnt/jfs_hpc/home/ron.andrei.soriano/sandbox/VCM-v2/data_new/wavs/pitch_down/BRIGHTNESS/brightness 100 percent.wav
brightness 100 percent 2.wav,BRIGHTNESS,brightness 100 percent,brightness 100 percent,stretch,train,/mnt/jfs_hpc/home/ron.andrei.soriano/sandbox/VCM-v2/data_new/wavs/stretch/BRIGHTNESS/brightness 100 percent.wav
brightness 100 percent 3.wav,BRIGHTNESS,brightness 100 percent,brightness 100 percent,clean,val,/mnt/jfs_hpc/home/ron.andrei.soriano/sandbox/VCM-v2/data_new/wavs/clean/BRIGHTNESS/brightness 100 percent.wav
brightness 100 percent 3.wav,BRIGHTNESS,brightness 100 percent,brightness 100 percent,hp80,train,/mnt/jfs_hpc/home/ron.andrei.soriano/sandbox/VCM-v2/data_new/wavs/hp80/BRIGHTNESS/brightness 100 percent.wav
brightness 100 percent 3.wav,BRIGHTNESS,brightness 100 percent,brightness 100 percent,rumble,train,/mnt/jfs_hpc/home/ron.andrei.soriano/sandbox/VCM-v2/data_new/wavs/rumble/BRIGHTNESS/brightness 100 percent.wav
brightness 100 percent 3.wav,BRIGHTNESS,brightness 100 percent,brightness 100 percent,white,train,/mnt/jfs_hpc/home/ron.andrei.soriano/sandbox/VCM-v2/data_new/wavs/white/BRIGHTNESS/brightness 100 percent.wav
brightness 100 percent 3.wav,BRIGHTNESS,brightness 100 percent,brightness 100 percent,babble,train,/mnt/jfs_hpc/home/ron.andrei.soriano/sandbox/VCM-v2/data_new/wavs/babble/BRIGHTNESS/brightness 100 percent.wav
brightness 100 percent 3.wav,BRIGHTNESS,brightness 100 percent,brightness 100 percent,reverb,train,/mnt/jfs_hpc/home/ron.andrei.soriano/sandbox/VCM-v2/data_new/wavs/reverb/BRIGHTNESS/brightness 100 percent.wav
brightness 100 percent 3.wav,BRIGHTNESS,brightness 100 percent,brightness 100 percent,pitch_up,train,/mnt/jfs_hpc/home/ron.andrei.soriano/sandbox/VCM-v2/data_new/wavs/pitch_up/BRIGHTNESS/brightness 100 percent.wav
brightness 100 percent 3.wav,BRIGHTNESS,brightness 100 percent,brightness 100 percent,pitch_down,train,/mnt/jfs_hpc/home/ron.andrei.soriano/sandbox/VCM-v2/data_new/wavs/pitch_down/BRIGHTNESS/brightness 100 percent.wav
brightness 100 percent 3.wav,BRIGHTNESS,brightness 100 percent,brightness 100 percent,stretch,train,/mnt/jfs_hpc/home/ron.andrei.soriano/sandbox/VCM-v2/data_new/wavs/stretch/BRIGHTNESS/brightness 100 percent.wav
brightness 20 percent 1.wav,BRIGHTNESS,brightness 20 percent,brightness 20 percent,clean,val,/mnt/jfs_hpc/home/ron.andrei.soriano/sandbox/VCM-v2/data_new/wavs/clean/BRIGHTNESS/brightness 20 percent.wav
brightness 20 percent 1.wav,BRIGHTNESS,brightness 20 percent,brightness 20 percent,hp80,train,/mnt/jfs_hpc/home/ron.andrei.soriano/sandbox/VCM-v2/data_new/wavs/hp80/BRIGHTNESS/brightness 20 percent.wav
brightness 20 percent 1.wav,BRIGHTNESS,brightness 20 percent,brightness 20 percent,rumble,train,/mnt/jfs_hpc/home/ron.andrei.soriano/sandbox/VCM-v2/data_new/wavs/rumble/BRIGHTNESS/brightness 20 percent.wav
brightness 20 percent 1.wav,BRIGHTNESS,brightness 20 percent,brightness 20 percent,white,train,/mnt/jfs_hpc/home/ron.andrei.soriano/sandbox/VCM-v2/data_new/wavs/white/BRIGHTNESS/brightness 20 percent.wav
brightness 20 percent 1.wav,BRIGHTNESS,brightness 20 percent,brightness 20 percent,babble,train,/mnt/jfs_hpc/home/ron.andrei.soriano/sandbox/VCM-v2/data_new/wavs/babble/BRIGHTNESS/brightness 20 percent.wav
brightness 20 percent 1.wav,BRIGHTNESS,brightness 20 percent,brightness 20 percent,reverb,train,/mnt/jfs_hpc/home/ron.andrei.soriano/sandbox/VCM-v2/data_new/wavs/reverb/BRIGHTNESS/brightness 20 percent.wav
brightness 20 percent 1.wav,BRIGHTNESS,brightness 20 percent,brightness 20 percent,pitch_up,train,/mnt/jfs_hpc/home/ron.andrei.soriano/sandbox/VCM-v2/data_new/wavs/pitch_up/BRIGHTNESS/brightness 20 percent.wav
brightness 20 percent 1.wav,BRIGHTNESS,brightness 20 percent,brightness 20 percent,pitch_down,train,/mnt/jfs_hpc/home/ron.andrei.soriano/sandbox/VCM-v2/data_new/wavs/pitch_down/BRIGHTNESS/brightness 20 percent.wav
brightness 20 percent 1.wav,BRIGHTNESS,brightness 20 percent,brightness 20 percent,stretch,train,/mnt/jfs_hpc/home/ron.andrei.soriano/sandbox/VCM-v2/data_new/wavs/stretch/BRIGHTNESS/brightness 20 percent.wav
brightness 20 percent 2.wav,BRIGHTNESS,brightness 20 percent,brightness 20 percent,clean,val,/mnt/jfs_hpc/home/ron.andrei.soriano/sandbox/VCM-v2/data_new/wavs/clean/BRIGHTNESS/brightness 20 percent.wav
brightness 20 percent 2.wav,BRIGHTNESS,brightness 20 percent,brightness 20 percent,hp80,train,/mnt/jfs_hpc/home/ron.andrei.soriano/sandbox/VCM-v2/data_new/wavs/hp80/BRIGHTNESS/brightness 20 percent.wav
brightness 20 percent 2.wav,BRIGHTNESS,brightness 20 percent,brightness 20 percent,rumble,train,/mnt/jfs_hpc/home/ron.andrei.soriano/sandbox/VCM-v2/data_new/wavs/rumble/BRIGHTNESS/brightness 20 percent.wav
brightness 20 percent 2.wav,BRIGHTNESS,brightness 20 percent,brightness 20 percent,white,train,/mnt/jfs_hpc/home/ron.andrei.soriano/sandbox/VCM-v2/data_new/wavs/white/BRIGHTNESS/brightness 20 percent.wav
brightness 20 percent 2.wav,BRIGHTNESS,brightness 20 percent,brightness 20 percent,babble,train,/mnt/jfs_hpc/home/ron.andrei.soriano/sandbox/VCM-v2/data_new/wavs/babble/BRIGHTNESS/brightness 20 percent.wav
brightness 20 percent 2.wav,BRIGHTNESS,brightness 20 percent,brightness 20 percent,reverb,train,/mnt/jfs_hpc/home/ron.andrei.soriano/sandbox/VCM-v2/data_new/wavs/reverb/BRIGHTNESS/brightness 20 percent.wav
brightness 20 percent 2.wav,BRIGHTNESS,brightness 20 percent,brightness 20 percent,pitch_up,train,/mnt/jfs_hpc/home/ron.andrei.soriano/sandbox/VCM-v2/data_new/wavs/pitch_up/BRIGHTNESS/brightness 20 percent.wav
brightness 20 percent 2.wav,BRIGHTNESS,brightness 20 percent,brightness 20 percent,pitch_down,train,/mnt/jfs_hpc/home/ron.andrei.soriano/sandbox/VCM-v2/data_new/wavs/pitch_down/BRIGHTNESS/brightness 20 percent.wav
brightness 20 percent 2.wav,BRIGHTNESS,brightness 20 percent,brightness 20 percent,stretch,train,/mnt/jfs_hpc/home/ron.andrei.soriano/sandbox/VCM-v2/data_new/wavs/stretch/BRIGHTNESS/brightness 20 percent.wav
brightness 20 percent 3.wav,BRIGHTNESS,brightness 20 percent,brightness 20 percent,clean,val,/mnt/jfs_hpc/home/ron.andrei.soriano/sandbox/VCM-v2/data_new/wavs/clean/BRIGHTNESS/brightness 20 percent.wav
brightness 20 percent 3.wav,BRIGHTNESS,brightness 20 percent,brightness 20 percent,hp80,train,/mnt/jfs_hpc/home/ron.andrei.soriano/sandbox/VCM-v2/data_new/wavs/hp80/BRIGHTNESS/brightness 20 percent.wav
brightness 20 percent 3.wav,BRIGHTNESS,brightness 20 percent,brightness 20 percent,rumble,train,/mnt/jfs_hpc/home/ron.andrei.soriano/sandbox/VCM-v2/data_new/wavs/rumble/BRIGHTNESS/brightness 20 percent.wav
brightness 20 percent 3.wav,BRIGHTNESS,brightness 20 percent,brightness 20 percent,white,train,/mnt/jfs_hpc/home/ron.andrei.soriano/sandbox/VCM-v2/data_new/wavs/white/BRIGHTNESS/brightness 20 percent.wav
brightness 20 percent 3.wav,BRIGHTNESS,brightness 20 percent,brightness 20 percent,babble,train,/mnt/jfs_hpc/home/ron.andrei.soriano/sandbox/VCM-v2/data_new/wavs/babble/BRIGHTNESS/brightness 20 percent.wav
brightness 20 percent 3.wav,BRIGHTNESS,brightness 20 percent,brightness 20 percent,reverb,train,/mnt/jfs_hpc/home/ron.andrei.soriano/sandbox/VCM-v2/data_new/wavs/reverb/BRIGHTNESS/brightness 20 percent.wav
brightness 20 percent 3.wav,BRIGHTNESS,brightness 20 percent,brightness 20 percent,pitch_up,train,/mnt/jfs_hpc/home/ron.andrei.soriano/sandbox/VCM-v2/data_new/wavs/pitch_up/BRIGHTNESS/brightness 20 percent.wav
brightness 20 percent 3.wav,BRIGHTNESS,brightness 20 percent,brightness 20 percent,pitch_down,train,/mnt/jfs_hpc/home/ron.andrei.soriano/sandbox/VCM-v2/data_new/wavs/pitch_down/BRIGHTNESS/brightness 20 percent.wav
brightness 20 percent 3.wav,BRIGHTNESS,brightness 20 percent,brightness 20 percent,stretch,train,/mnt/jfs_hpc/home/ron.andrei.soriano/sandbox/VCM-v2/data_new/wavs/stretch/BRIGHTNESS/brightness 20 percent.wav
brightness 60 percent 1.wav,BRIGHTNESS,brightness 60 percent,brightness 60 percent,clean,val,/mnt/jfs_hpc/home/ron.andrei.soriano/sandbox/VCM-v2/data_new/wavs/clean/BRIGHTNESS/brightness 60 percent.wav
brightness 60 percent 1.wav,BRIGHTNESS,brightness 60 percent,brightness 60 percent,hp80,train,/mnt/jfs_hpc/home/ron.andrei.soriano/sandbox/VCM-v2/data_new/wavs/hp80/BRIGHTNESS/brightness 60 percent.wav
brightness 60 percent 1.wav,BRIGHTNESS,brightness 60 percent,brightness 60 percent,rumble,train,/mnt/jfs_hpc/home/ron.andrei.soriano/sandbox/VCM-v2/data_new/wavs/rumble/BRIGHTNESS/brightness 60 percent.wav
brightness 60 percent 1.wav,BRIGHTNESS,brightness 60 percent,brightness 60 percent,white,train,/mnt/jfs_hpc/home/ron.andrei.soriano/sandbox/VCM-v2/data_new/wavs/white/BRIGHTNESS/brightness 60 percent.wav
brightness 60 percent 1.wav,BRIGHTNESS,brightness 60 percent,brightness 60 percent,babble,train,/mnt/jfs_hpc/home/ron.andrei.soriano/sandbox/VCM-v2/data_new/wavs/babble/BRIGHTNESS/brightness 60 percent.wav
brightness 60 percent 1.wav,BRIGHTNESS,brightness 60 percent,brightness 60 percent,reverb,train,/mnt/jfs_hpc/home/ron.andrei.soriano/sandbox/VCM-v2/data_new/wavs/reverb/BRIGHTNESS/brightness 60 percent.wav
brightness 60 percent 1.wav,BRIGHTNESS,brightness 60 percent,brightness 60 percent,pitch_up,train,/mnt/jfs_hpc/home/ron.andrei.soriano/sandbox/VCM-v2/data_new/wavs/pitch_up/BRIGHTNESS/brightness 60 percent.wav
brightness 60 percent 1.wav,BRIGHTNESS,brightness 60 percent,brightness 60 percent,pitch_down,train,/mnt/jfs_hpc/home/ron.andrei.soriano/sandbox/VCM-v2/data_new/wavs/pitch_down/BRIGHTNESS/brightness 60 percent.wav
brightness 60 percent 1.wav,BRIGHTNESS,brightness 60 percent,brightness 60 percent,stretch,train,/mnt/jfs_hpc/home/ron.andrei.soriano/sandbox/VCM-v2/data_new/wavs/stretch/BRIGHTNESS/brightness 60 percent.wav
brightness 60 percent 2.wav,BRIGHTNESS,brightness 60 percent,brightness 60 percent,clean,val,/mnt/jfs_hpc/home/ron.andrei.soriano/sandbox/VCM-v2/data_new/wavs/clean/BRIGHTNESS/brightness 60 percent.wav
brightness 60 percent 2.wav,BRIGHTNESS,brightness 60 percent,brightness 60 percent,hp80,train,/mnt/jfs_hpc/home/ron.andrei.soriano/sandbox/VCM-v2/data_new/wavs/hp80/BRIGHTNESS/brightness 60 percent.wav
brightness 60 percent 2.wav,BRIGHTNESS,brightness 60 percent,brightness 60 percent,rumble,train,/mnt/jfs_hpc/home/ron.andrei.soriano/sandbox/VCM-v2/data_new/wavs/rumble/BRIGHTNESS/brightness 60 percent.wav
brightness 60 percent 2.wav,BRIGHTNESS,brightness 60 percent,brightness 60 percent,white,train,/mnt/jfs_hpc/home/ron.andrei.soriano/sandbox/VCM-v2/data_new/wavs/white/BRIGHTNESS/brightness 60 percent.wav
brightness 60 percent 2.wav,BRIGHTNESS,brightness 60 percent,brightness 60 percent,babble,train,/mnt/jfs_hpc/home/ron.andrei.soriano/sandbox/VCM-v2/data_new/wavs/babble/BRIGHTNESS/brightness 60 percent.wav
brightness 60 percent 2.wav,BRIGHTNESS,brightness 60 percent,brightness 60 percent,reverb,train,/mnt/jfs_hpc/home/ron.andrei.soriano/sandbox/VCM-v2/data_new/wavs/reverb/BRIGHTNESS/brightness 60 percent.wav
brightness 60 percent 2.wav,BRIGHTNESS,brightness 60 percent,brightness 60 percent,pitch_up,train,/mnt/jfs_hpc/home/ron.andrei.soriano/sandbox/VCM-v2/data_new/wavs/pitch_up/BRIGHTNESS/brightness 60 percent.wav
brightness 60 percent 2.wav,BRIGHTNESS,brightness 60 percent,brightness 60 percent,pitch_down,train,/mnt/jfs_hpc/home/ron.andrei.soriano/sandbox/VCM-v2/data_new/wavs/pitch_down/BRIGHTNESS/brightness 60 percent.wav
brightness 60 percent 2.wav,BRIGHTNESS,brightness 60 percent,brightness 60 percent,stretch,train,/mnt/jfs_hpc/home/ron.andrei.soriano/sandbox/VCM-v2/data_new/wavs/stretch/BRIGHTNESS/brightness 60 percent.wav
brightness 60 percent 3.wav,BRIGHTNESS,brightness 60 percent,brightness 60 percent,clean,val,/mnt/jfs_hpc/home/ron.andrei.soriano/sandbox/VCM-v2/data_new/wavs/clean/BRIGHTNESS/brightness 60 percent.wav
brightness 60 percent 3.wav,BRIGHTNESS,brightness 60 percent,brightness 60 percent,hp80,train,/mnt/jfs_hpc/home/ron.andrei.soriano/sandbox/VCM-v2/data_new/wavs/hp80/BRIGHTNESS/brightness 60 percent.wav
brightness 60 percent 3.wav,BRIGHTNESS,brightness 60 percent,brightness 60 percent,rumble,train,/mnt/jfs_hpc/home/ron.andrei.soriano/sandbox/VCM-v2/data_new/wavs/rumble/BRIGHTNESS/brightness 60 percent.wav
brightness 60 percent 3.wav,BRIGHTNESS,brightness 60 percent,brightness 60 percent,white,train,/mnt/jfs_hpc/home/ron.andrei.soriano/sandbox/VCM-v2/data_new/wavs/white/BRIGHTNESS/brightness 60 percent.wav
brightness 60 percent 3.wav,BRIGHTNESS,brightness 60 percent,brightness 60 percent,babble,train,/mnt/jfs_hpc/home/ron.andrei.soriano/sandbox/VCM-v2/data_new/wavs/babble/BRIGHTNESS/brightness 60 percent.wav
brightness 60 percent 3.wav,BRIGHTNESS,brightness 60 percent,brightness 60 percent,reverb,train,/mnt/jfs_hpc/home/ron.andrei.soriano/sandbox/VCM-v2/data_new/wavs/reverb/BRIGHTNESS/brightness 60 percent.wav
brightness 60 percent 3.wav,BRIGHTNESS,brightness 60 percent,brightness 60 percent,pitch_up,train,/mnt/jfs_hpc/home/ron.andrei.soriano/sandbox/VCM-v2/data_new/wavs/pitch_up/BRIGHTNESS/brightness 60 percent.wav
brightness 60 percent 3.wav,BRIGHTNESS,brightness 60 percent,brightness 60 percent,pitch_down,train,/mnt/jfs_hpc/home/ron.andrei.soriano/sandbox/VCM-v2/data_new/wavs/pitch_down/BRIGHTNESS/brightness 60 percent.wav
brightness 60 percent 3.wav,BRIGHTNESS,brightness 60 percent,brightness 60 percent,stretch,train,/mnt/jfs_hpc/home/ron.andrei.soriano/sandbox/VCM-v2/data_new/wavs/stretch/BRIGHTNESS/brightness 60 percent.wav
call 1.wav,CALL,call,call,clean,val,/mnt/jfs_hpc/home/ron.andrei.soriano/sandbox/VCM-v2/data_new/wavs/clean/CALL/call.wav
call 1.wav,CALL,call,call,hp80,train,/mnt/jfs_hpc/home/ron.andrei.soriano/sandbox/VCM-v2/data_new/wavs/hp80/CALL/call.wav
call 1.wav,CALL,call,call,rumble,train,/mnt/jfs_hpc/home/ron.andrei.soriano/sandbox/VCM-v2/data_new/wavs/rumble/CALL/call.wav
call 1.wav,CALL,call,call,white,train,/mnt/jfs_hpc/home/ron.andrei.soriano/sandbox/VCM-v2/data_new/wavs/white/CALL/call.wav
call 1.wav,CALL,call,call,babble,train,/mnt/jfs_hpc/home/ron.andrei.soriano/sandbox/VCM-v2/data_new/wavs/babble/CALL/call.wav
call 1.wav,CALL,call,call,reverb,train,/mnt/jfs_hpc/home/ron.andrei.soriano/sandbox/VCM-v2/data_new/wavs/reverb/CALL/call.wav
call 1.wav,CALL,call,call,pitch_up,train,/mnt/jfs_hpc/home/ron.andrei.soriano/sandbox/VCM-v2/data_new/wavs/pitch_up/CALL/call.wav
call 1.wav,CALL,call,call,pitch_down,train,/mnt/jfs_hpc/home/ron.andrei.soriano/sandbox/VCM-v2/data_new/wavs/pitch_down/CALL/call.wav
call 1.wav,CALL,call,call,stretch,train,/mnt/jfs_hpc/home/ron.andrei.soriano/sandbox/VCM-v2/data_new/wavs/stretch/CALL/call.wav
call 2.wav,CALL,call,call,clean,val,/mnt/jfs_hpc/home/ron.andrei.soriano/sandbox/VCM-v2/data_new/wavs/clean/CALL/call.wav
call 2.wav,CALL,call,call,hp80,train,/mnt/jfs_hpc/home/ron.andrei.soriano/sandbox/VCM-v2/data_new/wavs/hp80/CALL/call.wav
call 2.wav,CALL,call,call,rumble,train,/mnt/jfs_hpc/home/ron.andrei.soriano/sandbox/VCM-v2/data_new/wavs/rumble/CALL/call.wav
call 2.wav,CALL,call,call,white,train,/mnt/jfs_hpc/home/ron.andrei.soriano/sandbox/VCM-v2/data_new/wavs/white/CALL/call.wav
call 2.wav,CALL,call,call,babble,train,/mnt/jfs_hpc/home/ron.andrei.soriano/sandbox/VCM-v2/data_new/wavs/babble/CALL/call.wav
call 2.wav,CALL,call,call,reverb,train,/mnt/jfs_hpc/home/ron.andrei.soriano/sandbox/VCM-v2/data_new/wavs/reverb/CALL/call.wav
call 2.wav,CALL,call,call,pitch_up,train,/mnt/jfs_hpc/home/ron.andrei.soriano/sandbox/VCM-v2/data_new/wavs/pitch_up/CALL/call.wav
call 2.wav,CALL,call,call,pitch_down,train,/mnt/jfs_hpc/home/ron.andrei.soriano/sandbox/VCM-v2/data_new/wavs/pitch_down/CALL/call.wav
call 2.wav,CALL,call,call,stretch,train,/mnt/jfs_hpc/home/ron.andrei.soriano/sandbox/VCM-v2/data_new/wavs/stretch/CALL/call.wav
call 3.wav,CALL,call,call,clean,val,/mnt/jfs_hpc/home/ron.andrei.soriano/sandbox/VCM-v2/data_new/wavs/clean/CALL/call.wav
call 3.wav,CALL,call,call,hp80,train,/mnt/jfs_hpc/home/ron.andrei.soriano/sandbox/VCM-v2/data_new/wavs/hp80/CALL/call.wav
call 3.wav,CALL,call,call,rumble,train,/mnt/jfs_hpc/home/ron.andrei.soriano/sandbox/VCM-v2/data_new/wavs/rumble/CALL/call.wav
call 3.wav,CALL,call,call,white,train,/mnt/jfs_hpc/home/ron.andrei.soriano/sandbox/VCM-v2/data_new/wavs/white/CALL/call.wav
call 3.wav,CALL,call,call,babble,train,/mnt/jfs_hpc/home/ron.andrei.soriano/sandbox/VCM-v2/data_new/wavs/babble/CALL/call.wav
call 3.wav,CALL,call,call,reverb,train,/mnt/jfs_hpc/home/ron.andrei.soriano/sandbox/VCM-v2/data_new/wavs/reverb/CALL/call.wav
call 3.wav,CALL,call,call,pitch_up,train,/mnt/jfs_hpc/home/ron.andrei.soriano/sandbox/VCM-v2/data_new/wavs/pitch_up/CALL/call.wav
call 3.wav,CALL,call,call,pitch_down,train,/mnt/jfs_hpc/home/ron.andrei.soriano/sandbox/VCM-v2/data_new/wavs/pitch_down/CALL/call.wav
call 3.wav,CALL,call,call,stretch,train,/mnt/jfs_hpc/home/ron.andrei.soriano/sandbox/VCM-v2/data_new/wavs/stretch/CALL/call.wav
make a call 1.wav,CALL,make a call,make a call,clean,val,/mnt/jfs_hpc/home/ron.andrei.soriano/sandbox/VCM-v2/data_new/wavs/clean/CALL/make a call.wav
make a call 1.wav,CALL,make a call,make a call,hp80,train,/mnt/jfs_hpc/home/ron.andrei.soriano/sandbox/VCM-v2/data_new/wavs/hp80/CALL/make a call.wav
make a call 1.wav,CALL,make a call,make a call,rumble,train,/mnt/jfs_hpc/home/ron.andrei.soriano/sandbox/VCM-v2/data_new/wavs/rumble/CALL/make a call.wav
make a call 1.wav,CALL,make a call,make a call,white,train,/mnt/jfs_hpc/home/ron.andrei.soriano/sandbox/VCM-v2/data_new/wavs/white/CALL/make a call.wav
make a call 1.wav,CALL,make a call,make a call,babble,train,/mnt/jfs_hpc/home/ron.andrei.soriano/sandbox/VCM-v2/data_new/wavs/babble/CALL/make a call.wav
make a call 1.wav,CALL,make a call,make a call,reverb,train,/mnt/jfs_hpc/home/ron.andrei.soriano/sandbox/VCM-v2/data_new/wavs/reverb/CALL/make a call.wav
make a call 1.wav,CALL,make a call,make a call,pitch_up,train,/mnt/jfs_hpc/home/ron.andrei.soriano/sandbox/VCM-v2/data_new/wavs/pitch_up/CALL/make a call.wav
make a call 1.wav,CALL,make a call,make a call,pitch_down,train,/mnt/jfs_hpc/home/ron.andrei.soriano/sandbox/VCM-v2/data_new/wavs/pitch_down/CALL/make a call.wav
make a call 1.wav,CALL,make a call,make a call,stretch,train,/mnt/jfs_hpc/home/ron.andrei.soriano/sandbox/VCM-v2/data_new/wavs/stretch/CALL/make a call.wav
make a call 2.wav,CALL,make a call,make a call,clean,val,/mnt/jfs_hpc/home/ron.andrei.soriano/sandbox/VCM-v2/data_new/wavs/clean/CALL/make a call.wav
make a call 2.wav,CALL,make a call,make a call,hp80,train,/mnt/jfs_hpc/home/ron.andrei.soriano/sandbox/VCM-v2/data_new/wavs/hp80/CALL/make a call.wav
make a call 2.wav,CALL,make a call,make a call,rumble,train,/mnt/jfs_hpc/home/ron.andrei.soriano/sandbox/VCM-v2/data_new/wavs/rumble/CALL/make a call.wav
make a call 2.wav,CALL,make a call,make a call,white,train,/mnt/jfs_hpc/home/ron.andrei.soriano/sandbox/VCM-v2/data_new/wavs/white/CALL/make a call.wav
make a call 2.wav,CALL,make a call,make a call,babble,train,/mnt/jfs_hpc/home/ron.andrei.soriano/sandbox/VCM-v2/data_new/wavs/babble/CALL/make a call.wav
make a call 2.wav,CALL,make a call,make a call,reverb,train,/mnt/jfs_hpc/home/ron.andrei.soriano/sandbox/VCM-v2/data_new/wavs/reverb/CALL/make a call.wav
make a call 2.wav,CALL,make a call,make a call,pitch_up,train,/mnt/jfs_hpc/home/ron.andrei.soriano/sandbox/VCM-v2/data_new/wavs/pitch_up/CALL/make a call.wav
make a call 2.wav,CALL,make a call,make a call,pitch_down,train,/mnt/jfs_hpc/home/ron.andrei.soriano/sandbox/VCM-v2/data_new/wavs/pitch_down/CALL/make a call.wav
make a call 2.wav,CALL,make a call,make a call,stretch,train,/mnt/jfs_hpc/home/ron.andrei.soriano/sandbox/VCM-v2/data_new/wavs/stretch/CALL/make a call.wav
make a call 3.wav,CALL,make a call,make a call,clean,val,/mnt/jfs_hpc/home/ron.andrei.soriano/sandbox/VCM-v2/data_new/wavs/clean/CALL/make a call.wav
make a call 3.wav,CALL,make a call,make a call,hp80,train,/mnt/jfs_hpc/home/ron.andrei.soriano/sandbox/VCM-v2/data_new/wavs/hp80/CALL/make a call.wav
make a call 3.wav,CALL,make a call,make a call,rumble,train,/mnt/jfs_hpc/home/ron.andrei.soriano/sandbox/VCM-v2/data_new/wavs/rumble/CALL/make a call.wav
make a call 3.wav,CALL,make a call,make a call,white,train,/mnt/jfs_hpc/home/ron.andrei.soriano/sandbox/VCM-v2/data_new/wavs/white/CALL/make a call.wav
make a call 3.wav,CALL,make a call,make a call,babble,train,/mnt/jfs_hpc/home/ron.andrei.soriano/sandbox/VCM-v2/data_new/wavs/babble/CALL/make a call.wav
make a call 3.wav,CALL,make a call,make a call,reverb,train,/mnt/jfs_hpc/home/ron.andrei.soriano/sandbox/VCM-v2/data_new/wavs/reverb/CALL/make a call.wav
make a call 3.wav,CALL,make a call,make a call,pitch_up,train,/mnt/jfs_hpc/home/ron.andrei.soriano/sandbox/VCM-v2/data_new/wavs/pitch_up/CALL/make a call.wav
make a call 3.wav,CALL,make a call,make a call,pitch_down,train,/mnt/jfs_hpc/home/ron.andrei.soriano/sandbox/VCM-v2/data_new/wavs/pitch_down/CALL/make a call.wav
make a call 3.wav,CALL,make a call,make a call,stretch,train,/mnt/jfs_hpc/home/ron.andrei.soriano/sandbox/VCM-v2/data_new/wavs/stretch/CALL/make a call.wav
make a phone call 1.wav,CALL,make a phone call,make a phone call,clean,val,/mnt/jfs_hpc/home/ron.andrei.soriano/sandbox/VCM-v2/data_new/wavs/clean/CALL/make a phone call.wav
make a phone call 1.wav,CALL,make a phone call,make a phone call,hp80,train,/mnt/jfs_hpc/home/ron.andrei.soriano/sandbox/VCM-v2/data_new/wavs/hp80/CALL/make a phone call.wav
make a phone call 1.wav,CALL,make a phone call,make a phone call,rumble,train,/mnt/jfs_hpc/home/ron.andrei.soriano/sandbox/VCM-v2/data_new/wavs/rumble/CALL/make a phone call.wav
make a phone call 1.wav,CALL,make a phone call,make a phone call,white,train,/mnt/jfs_hpc/home/ron.andrei.soriano/sandbox/VCM-v2/data_new/wavs/white/CALL/make a phone call.wav
make a phone call 1.wav,CALL,make a phone call,make a phone call,babble,train,/mnt/jfs_hpc/home/ron.andrei.soriano/sandbox/VCM-v2/data_new/wavs/babble/CALL/make a phone call.wav
make a phone call 1.wav,CALL,make a phone call,make a phone call,reverb,train,/mnt/jfs_hpc/home/ron.andrei.soriano/sandbox/VCM-v2/data_new/wavs/reverb/CALL/make a phone call.wav
make a phone call 1.wav,CALL,make a phone call,make a phone call,pitch_up,train,/mnt/jfs_hpc/home/ron.andrei.soriano/sandbox/VCM-v2/data_new/wavs/pitch_up/CALL/make a phone call.wav
make a phone call 1.wav,CALL,make a phone call,make a phone call,pitch_down,train,/mnt/jfs_hpc/home/ron.andrei.soriano/sandbox/VCM-v2/data_new/wavs/pitch_down/CALL/make a phone call.wav
make a phone call 1.wav,CALL,make a phone call,make a phone call,stretch,train,/mnt/jfs_hpc/home/ron.andrei.soriano/sandbox/VCM-v2/data_new/wavs/stretch/CALL/make a phone call.wav
make a phone call 2.wav,CALL,make a phone call,make a phone call,clean,val,/mnt/jfs_hpc/home/ron.andrei.soriano/sandbox/VCM-v2/data_new/wavs/clean/CALL/make a phone call.wav
make a phone call 2.wav,CALL,make a phone call,make a phone call,hp80,train,/mnt/jfs_hpc/home/ron.andrei.soriano/sandbox/VCM-v2/data_new/wavs/hp80/CALL/make a phone call.wav
make a phone call 2.wav,CALL,make a phone call,make a phone call,rumble,train,/mnt/jfs_hpc/home/ron.andrei.soriano/sandbox/VCM-v2/data_new/wavs/rumble/CALL/make a phone call.wav
make a phone call 2.wav,CALL,make a phone call,make a phone call,white,train,/mnt/jfs_hpc/home/ron.andrei.soriano/sandbox/VCM-v2/data_new/wavs/white/CALL/make a phone call.wav
make a phone call 2.wav,CALL,make a phone call,make a phone call,babble,train,/mnt/jfs_hpc/home/ron.andrei.soriano/sandbox/VCM-v2/data_new/wavs/babble/CALL/make a phone call.wav
make a phone call 2.wav,CALL,make a phone call,make a phone call,reverb,train,/mnt/jfs_hpc/home/ron.andrei.soriano/sandbox/VCM-v2/data_new/wavs/reverb/CALL/make a phone call.wav
make a phone call 2.wav,CALL,make a phone call,make a phone call,pitch_up,train,/mnt/jfs_hpc/home/ron.andrei.soriano/sandbox/VCM-v2/data_new/wavs/pitch_up/CALL/make a phone call.wav
make a phone call 2.wav,CALL,make a phone call,make a phone call,pitch_down,train,/mnt/jfs_hpc/home/ron.andrei.soriano/sandbox/VCM-v2/data_new/wavs/pitch_down/CALL/make a phone call.wav
make a phone call 2.wav,CALL,make a phone call,make a phone call,stretch,train,/mnt/jfs_hpc/home/ron.andrei.soriano/sandbox/VCM-v2/data_new/wavs/stretch/CALL/make a phone call.wav
make a phone call 3.wav,CALL,make a phone call,make a phone call,clean,val,/mnt/jfs_hpc/home/ron.andrei.soriano/sandbox/VCM-v2/data_new/wavs/clean/CALL/make a phone call.wav
make a phone call 3.wav,CALL,make a phone call,make a phone call,hp80,train,/mnt/jfs_hpc/home/ron.andrei.soriano/sandbox/VCM-v2/data_new/wavs/hp80/CALL/make a phone call.wav
make a phone call 3.wav,CALL,make a phone call,make a phone call,rumble,train,/mnt/jfs_hpc/home/ron.andrei.soriano/sandbox/VCM-v2/data_new/wavs/rumble/CALL/make a phone call.wav
make a phone call 3.wav,CALL,make a phone call,make a phone call,white,train,/mnt/jfs_hpc/home/ron.andrei.soriano/sandbox/VCM-v2/data_new/wavs/white/CALL/make a phone call.wav
make a phone call 3.wav,CALL,make a phone call,make a phone call,babble,train,/mnt/jfs_hpc/home/ron.andrei.soriano/sandbox/VCM-v2/data_new/wavs/babble/CALL/make a phone call.wav
make a phone call 3.wav,CALL,make a phone call,make a phone call,reverb,train,/mnt/jfs_hpc/home/ron.andrei.soriano/sandbox/VCM-v2/data_new/wavs/reverb/CALL/make a phone call.wav
make a phone call 3.wav,CALL,make a phone call,make a phone call,pitch_up,train,/mnt/jfs_hpc/home/ron.andrei.soriano/sandbox/VCM-v2/data_new/wavs/pitch_up/CALL/make a phone call.wav
make a phone call 3.wav,CALL,make a phone call,make a phone call,pitch_down,train,/mnt/jfs_hpc/home/ron.andrei.soriano/sandbox/VCM-v2/data_new/wavs/pitch_down/CALL/make a phone call.wav
make a phone call 3.wav,CALL,make a phone call,make a phone call,stretch,train,/mnt/jfs_hpc/home/ron.andrei.soriano/sandbox/VCM-v2/data_new/wavs/stretch/CALL/make a phone call.wav
change color to blue 1.wav,COLOR,change color to blue,change color to blue,clean,val,/mnt/jfs_hpc/home/ron.andrei.soriano/sandbox/VCM-v2/data_new/wavs/clean/COLOR/change color to blue.wav
change color to blue 1.wav,COLOR,change color to blue,change color to blue,hp80,train,/mnt/jfs_hpc/home/ron.andrei.soriano/sandbox/VCM-v2/data_new/wavs/hp80/COLOR/change color to blue.wav
change color to blue 1.wav,COLOR,change color to blue,change color to blue,rumble,train,/mnt/jfs_hpc/home/ron.andrei.soriano/sandbox/VCM-v2/data_new/wavs/rumble/COLOR/change color to blue.wav
change color to blue 1.wav,COLOR,change color to blue,change color to blue,white,train,/mnt/jfs_hpc/home/ron.andrei.soriano/sandbox/VCM-v2/data_new/wavs/white/COLOR/change color to blue.wav
change color to blue 1.wav,COLOR,change color to blue,change color to blue,babble,train,/mnt/jfs_hpc/home/ron.andrei.soriano/sandbox/VCM-v2/data_new/wavs/babble/COLOR/change color to blue.wav
change color to blue 1.wav,COLOR,change color to blue,change color to blue,reverb,train,/mnt/jfs_hpc/home/ron.andrei.soriano/sandbox/VCM-v2/data_new/wavs/reverb/COLOR/change color to blue.wav
change color to blue 1.wav,COLOR,change color to blue,change color to blue,pitch_up,train,/mnt/jfs_hpc/home/ron.andrei.soriano/sandbox/VCM-v2/data_new/wavs/pitch_up/COLOR/change color to blue.wav
change color to blue 1.wav,COLOR,change color to blue,change color to blue,pitch_down,train,/mnt/jfs_hpc/home/ron.andrei.soriano/sandbox/VCM-v2/data_new/wavs/pitch_down/COLOR/change color to blue.wav
change color to blue 1.wav,COLOR,change color to blue,change color to blue,stretch,train,/mnt/jfs_hpc/home/ron.andrei.soriano/sandbox/VCM-v2/data_new/wavs/stretch/COLOR/change color to blue.wav
change color to blue 2.wav,COLOR,change color to blue,change color to blue,clean,val,/mnt/jfs_hpc/home/ron.andrei.soriano/sandbox/VCM-v2/data_new/wavs/clean/COLOR/change color to blue.wav
change color to blue 2.wav,COLOR,change color to blue,change color to blue,hp80,train,/mnt/jfs_hpc/home/ron.andrei.soriano/sandbox/VCM-v2/data_new/wavs/hp80/COLOR/change color to blue.wav
change color to blue 2.wav,COLOR,change color to blue,change color to blue,rumble,train,/mnt/jfs_hpc/home/ron.andrei.soriano/sandbox/VCM-v2/data_new/wavs/rumble/COLOR/change color to blue.wav
change color to blue 2.wav,COLOR,change color to blue,change color to blue,white,train,/mnt/jfs_hpc/home/ron.andrei.soriano/sandbox/VCM-v2/data_new/wavs/white/COLOR/change color to blue.wav
change color to blue 2.wav,COLOR,change color to blue,change color to blue,babble,train,/mnt/jfs_hpc/home/ron.andrei.soriano/sandbox/VCM-v2/data_new/wavs/babble/COLOR/change color to blue.wav
change color to blue 2.wav,COLOR,change color to blue,change color to blue,reverb,train,/mnt/jfs_hpc/home/ron.andrei.soriano/sandbox/VCM-v2/data_new/wavs/reverb/COLOR/change color to blue.wav
change color to blue 2.wav,COLOR,change color to blue,change color to blue,pitch_up,train,/mnt/jfs_hpc/home/ron.andrei.soriano/sandbox/VCM-v2/data_new/wavs/pitch_up/COLOR/change color to blue.wav
change color to blue 2.wav,COLOR,change color to blue,change color to blue,pitch_down,train,/mnt/jfs_hpc/home/ron.andrei.soriano/sandbox/VCM-v2/data_new/wavs/pitch_down/COLOR/change color to blue.wav
change color to blue 2.wav,COLOR,change color to blue,change color to blue,stretch,train,/mnt/jfs_hpc/home/ron.andrei.soriano/sandbox/VCM-v2/data_new/wavs/stretch/COLOR/change color to blue.wav
change color to blue 3.wav,COLOR,change color to blue,change color to blue,clean,val,/mnt/jfs_hpc/home/ron.andrei.soriano/sandbox/VCM-v2/data_new/wavs/clean/COLOR/change color to blue.wav
change color to blue 3.wav,COLOR,change color to blue,change color to blue,hp80,train,/mnt/jfs_hpc/home/ron.andrei.soriano/sandbox/VCM-v2/data_new/wavs/hp80/COLOR/change color to blue.wav
change color to blue 3.wav,COLOR,change color to blue,change color to blue,rumble,train,/mnt/jfs_hpc/home/ron.andrei.soriano/sandbox/VCM-v2/data_new/wavs/rumble/COLOR/change color to blue.wav
change color to blue 3.wav,COLOR,change color to blue,change color to blue,white,train,/mnt/jfs_hpc/home/ron.andrei.soriano/sandbox/VCM-v2/data_new/wavs/white/COLOR/change color to blue.wav
change color to blue 3.wav,COLOR,change color to blue,change color to blue,babble,train,/mnt/jfs_hpc/home/ron.andrei.soriano/sandbox/VCM-v2/data_new/wavs/babble/COLOR/change color to blue.wav
change color to blue 3.wav,COLOR,change color to blue,change color to blue,reverb,train,/mnt/jfs_hpc/home/ron.andrei.soriano/sandbox/VCM-v2/data_new/wavs/reverb/COLOR/change color to blue.wav
change color to blue 3.wav,COLOR,change color to blue,change color to blue,pitch_up,train,/mnt/jfs_hpc/home/ron.andrei.soriano/sandbox/VCM-v2/data_new/wavs/pitch_up/COLOR/change color to blue.wav
change color to blue 3.wav,COLOR,change color to blue,change color to blue,pitch_down,train,/mnt/jfs_hpc/home/ron.andrei.soriano/sandbox/VCM-v2/data_new/wavs/pitch_down/COLOR/change color to blue.wav
change color to blue 3.wav,COLOR,change color to blue,change color to blue,stretch,train,/mnt/jfs_hpc/home/ron.andrei.soriano/sandbox/VCM-v2/data_new/wavs/stretch/COLOR/change color to blue.wav
change color to green 1.wav,COLOR,change color to green,change color to green,clean,val,/mnt/jfs_hpc/home/ron.andrei.soriano/sandbox/VCM-v2/data_new/wavs/clean/COLOR/change color to green.wav
change color to green 1.wav,COLOR,change color to green,change color to green,hp80,train,/mnt/jfs_hpc/home/ron.andrei.soriano/sandbox/VCM-v2/data_new/wavs/hp80/COLOR/change color to green.wav
change color to green 1.wav,COLOR,change color to green,change color to green,rumble,train,/mnt/jfs_hpc/home/ron.andrei.soriano/sandbox/VCM-v2/data_new/wavs/rumble/COLOR/change color to green.wav
change color to green 1.wav,COLOR,change color to green,change color to green,white,train,/mnt/jfs_hpc/home/ron.andrei.soriano/sandbox/VCM-v2/data_new/wavs/white/COLOR/change color to green.wav
change color to green 1.wav,COLOR,change color to green,change color to green,babble,train,/mnt/jfs_hpc/home/ron.andrei.soriano/sandbox/VCM-v2/data_new/wavs/babble/COLOR/change color to green.wav
change color to green 1.wav,COLOR,change color to green,change color to green,reverb,train,/mnt/jfs_hpc/home/ron.andrei.soriano/sandbox/VCM-v2/data_new/wavs/reverb/COLOR/change color to green.wav
change color to green 1.wav,COLOR,change color to green,change color to green,pitch_up,train,/mnt/jfs_hpc/home/ron.andrei.soriano/sandbox/VCM-v2/data_new/wavs/pitch_up/COLOR/change color to green.wav
change color to green 1.wav,COLOR,change color to green,change color to green,pitch_down,train,/mnt/jfs_hpc/home/ron.andrei.soriano/sandbox/VCM-v2/data_new/wavs/pitch_down/COLOR/change color to green.wav
change color to green 1.wav,COLOR,change color to green,change color to green,stretch,train,/mnt/jfs_hpc/home/ron.andrei.soriano/sandbox/VCM-v2/data_new/wavs/stretch/COLOR/change color to green.wav
change color to green 2.wav,COLOR,change color to green,change color to green,clean,val,/mnt/jfs_hpc/home/ron.andrei.soriano/sandbox/VCM-v2/data_new/wavs/clean/COLOR/change color to green.wav
change color to green 2.wav,COLOR,change color to green,change color to green,hp80,train,/mnt/jfs_hpc/home/ron.andrei.soriano/sandbox/VCM-v2/data_new/wavs/hp80/COLOR/change color to green.wav
change color to green 2.wav,COLOR,change color to green,change color to green,rumble,train,/mnt/jfs_hpc/home/ron.andrei.soriano/sandbox/VCM-v2/data_new/wavs/rumble/COLOR/change color to green.wav
change color to green 2.wav,COLOR,change color to green,change color to green,white,train,/mnt/jfs_hpc/home/ron.andrei.soriano/sandbox/VCM-v2/data_new/wavs/white/COLOR/change color to green.wav
change color to green 2.wav,COLOR,change color to green,change color to green,babble,train,/mnt/jfs_hpc/home/ron.andrei.soriano/sandbox/VCM-v2/data_new/wavs/babble/COLOR/change color to green.wav
change color to green 2.wav,COLOR,change color to green,change color to green,reverb,train,/mnt/jfs_hpc/home/ron.andrei.soriano/sandbox/VCM-v2/data_new/wavs/reverb/COLOR/change color to green.wav
change color to green 2.wav,COLOR,change color to green,change color to green,pitch_up,train,/mnt/jfs_hpc/home/ron.andrei.soriano/sandbox/VCM-v2/data_new/wavs/pitch_up/COLOR/change color to green.wav
change color to green 2.wav,COLOR,change color to green,change color to green,pitch_down,train,/mnt/jfs_hpc/home/ron.andrei.soriano/sandbox/VCM-v2/data_new/wavs/pitch_down/COLOR/change color to green.wav
change color to green 2.wav,COLOR,change color to green,change color to green,stretch,train,/mnt/jfs_hpc/home/ron.andrei.soriano/sandbox/VCM-v2/data_new/wavs/stretch/COLOR/change color to green.wav
change color to green 3.wav,COLOR,change color to green,change color to green,clean,val,/mnt/jfs_hpc/home/ron.andrei.soriano/sandbox/VCM-v2/data_new/wavs/clean/COLOR/change color to green.wav
change color to green 3.wav,COLOR,change color to green,change color to green,hp80,train,/mnt/jfs_hpc/home/ron.andrei.soriano/sandbox/VCM-v2/data_new/wavs/hp80/COLOR/change color to green.wav
change color to green 3.wav,COLOR,change color to green,change color to green,rumble,train,/mnt/jfs_hpc/home/ron.andrei.soriano/sandbox/VCM-v2/data_new/wavs/rumble/COLOR/change color to green.wav
change color to green 3.wav,COLOR,change color to green,change color to green,white,train,/mnt/jfs_hpc/home/ron.andrei.soriano/sandbox/VCM-v2/data_new/wavs/white/COLOR/change color to green.wav
change color to green 3.wav,COLOR,change color to green,change color to green,babble,train,/mnt/jfs_hpc/home/ron.andrei.soriano/sandbox/VCM-v2/data_new/wavs/babble/COLOR/change color to green.wav
change color to green 3.wav,COLOR,change color to green,change color to green,reverb,train,/mnt/jfs_hpc/home/ron.andrei.soriano/sandbox/VCM-v2/data_new/wavs/reverb/COLOR/change color to green.wav
change color to green 3.wav,COLOR,change color to green,change color to green,pitch_up,train,/mnt/jfs_hpc/home/ron.andrei.soriano/sandbox/VCM-v2/data_new/wavs/pitch_up/COLOR/change color to green.wav
change color to green 3.wav,COLOR,change color to green,change color to green,pitch_down,train,/mnt/jfs_hpc/home/ron.andrei.soriano/sandbox/VCM-v2/data_new/wavs/pitch_down/COLOR/change color to green.wav
change color to green 3.wav,COLOR,change color to green,change color to green,stretch,train,/mnt/jfs_hpc/home/ron.andrei.soriano/sandbox/VCM-v2/data_new/wavs/stretch/COLOR/change color to green.wav
change color to red 1.wav,COLOR,change color to red,change color to red,clean,val,/mnt/jfs_hpc/home/ron.andrei.soriano/sandbox/VCM-v2/data_new/wavs/clean/COLOR/change color to red.wav
change color to red 1.wav,COLOR,change color to red,change color to red,hp80,train,/mnt/jfs_hpc/home/ron.andrei.soriano/sandbox/VCM-v2/data_new/wavs/hp80/COLOR/change color to red.wav
change color to red 1.wav,COLOR,change color to red,change color to red,rumble,train,/mnt/jfs_hpc/home/ron.andrei.soriano/sandbox/VCM-v2/data_new/wavs/rumble/COLOR/change color to red.wav
change color to red 1.wav,COLOR,change color to red,change color to red,white,train,/mnt/jfs_hpc/home/ron.andrei.soriano/sandbox/VCM-v2/data_new/wavs/white/COLOR/change color to red.wav
change color to red 1.wav,COLOR,change color to red,change color to red,babble,train,/mnt/jfs_hpc/home/ron.andrei.soriano/sandbox/VCM-v2/data_new/wavs/babble/COLOR/change color to red.wav
change color to red 1.wav,COLOR,change color to red,change color to red,reverb,train,/mnt/jfs_hpc/home/ron.andrei.soriano/sandbox/VCM-v2/data_new/wavs/reverb/COLOR/change color to red.wav
change color to red 1.wav,COLOR,change color to red,change color to red,pitch_up,train,/mnt/jfs_hpc/home/ron.andrei.soriano/sandbox/VCM-v2/data_new/wavs/pitch_up/COLOR/change color to red.wav
change color to red 1.wav,COLOR,change color to red,change color to red,pitch_down,train,/mnt/jfs_hpc/home/ron.andrei.soriano/sandbox/VCM-v2/data_new/wavs/pitch_down/COLOR/change color to red.wav
change color to red 1.wav,COLOR,change color to red,change color to red,stretch,train,/mnt/jfs_hpc/home/ron.andrei.soriano/sandbox/VCM-v2/data_new/wavs/stretch/COLOR/change color to red.wav
change color to red 2.wav,COLOR,change color to red,change color to red,clean,val,/mnt/jfs_hpc/home/ron.andrei.soriano/sandbox/VCM-v2/data_new/wavs/clean/COLOR/change color to red.wav
change color to red 2.wav,COLOR,change color to red,change color to red,hp80,train,/mnt/jfs_hpc/home/ron.andrei.soriano/sandbox/VCM-v2/data_new/wavs/hp80/COLOR/change color to red.wav
change color to red 2.wav,COLOR,change color to red,change color to red,rumble,train,/mnt/jfs_hpc/home/ron.andrei.soriano/sandbox/VCM-v2/data_new/wavs/rumble/COLOR/change color to red.wav
change color to red 2.wav,COLOR,change color to red,change color to red,white,train,/mnt/jfs_hpc/home/ron.andrei.soriano/sandbox/VCM-v2/data_new/wavs/white/COLOR/change color to red.wav
change color to red 2.wav,COLOR,change color to red,change color to red,babble,train,/mnt/jfs_hpc/home/ron.andrei.soriano/sandbox/VCM-v2/data_new/wavs/babble/COLOR/change color to red.wav
change color to red 2.wav,COLOR,change color to red,change color to red,reverb,train,/mnt/jfs_hpc/home/ron.andrei.soriano/sandbox/VCM-v2/data_new/wavs/reverb/COLOR/change color to red.wav
change color to red 2.wav,COLOR,change color to red,change color to red,pitch_up,train,/mnt/jfs_hpc/home/ron.andrei.soriano/sandbox/VCM-v2/data_new/wavs/pitch_up/COLOR/change color to red.wav
change color to red 2.wav,COLOR,change color to red,change color to red,pitch_down,train,/mnt/jfs_hpc/home/ron.andrei.soriano/sandbox/VCM-v2/data_new/wavs/pitch_down/COLOR/change color to red.wav
change color to red 2.wav,COLOR,change color to red,change color to red,stretch,train,/mnt/jfs_hpc/home/ron.andrei.soriano/sandbox/VCM-v2/data_new/wavs/stretch/COLOR/change color to red.wav
change color to red 3.wav,COLOR,change color to red,change color to red,clean,val,/mnt/jfs_hpc/home/ron.andrei.soriano/sandbox/VCM-v2/data_new/wavs/clean/COLOR/change color to red.wav
change color to red 3.wav,COLOR,change color to red,change color to red,hp80,train,/mnt/jfs_hpc/home/ron.andrei.soriano/sandbox/VCM-v2/data_new/wavs/hp80/COLOR/change color to red.wav
change color to red 3.wav,COLOR,change color to red,change color to red,rumble,train,/mnt/jfs_hpc/home/ron.andrei.soriano/sandbox/VCM-v2/data_new/wavs/rumble/COLOR/change color to red.wav
change color to red 3.wav,COLOR,change color to red,change color to red,white,train,/mnt/jfs_hpc/home/ron.andrei.soriano/sandbox/VCM-v2/data_new/wavs/white/COLOR/change color to red.wav
change color to red 3.wav,COLOR,change color to red,change color to red,babble,train,/mnt/jfs_hpc/home/ron.andrei.soriano/sandbox/VCM-v2/data_new/wavs/babble/COLOR/change color to red.wav
change color to red 3.wav,COLOR,change color to red,change color to red,reverb,train,/mnt/jfs_hpc/home/ron.andrei.soriano/sandbox/VCM-v2/data_new/wavs/reverb/COLOR/change color to red.wav
change color to red 3.wav,COLOR,change color to red,change color to red,pitch_up,train,/mnt/jfs_hpc/home/ron.andrei.soriano/sandbox/VCM-v2/data_new/wavs/pitch_up/COLOR/change color to red.wav
change color to red 3.wav,COLOR,change color to red,change color to red,pitch_down,train,/mnt/jfs_hpc/home/ron.andrei.soriano/sandbox/VCM-v2/data_new/wavs/pitch_down/COLOR/change color to red.wav
change color to red 3.wav,COLOR,change color to red,change color to red,stretch,train,/mnt/jfs_hpc/home/ron.andrei.soriano/sandbox/VCM-v2/data_new/wavs/stretch/COLOR/change color to red.wav
create a reminder drink water 3.wav,CREATE_REMINDER,create a reminder drink water,create a reminder drink water,clean,val,/mnt/jfs_hpc/home/ron.andrei.soriano/sandbox/VCM-v2/data_new/wavs/clean/CREATE_REMINDER/create a reminder drink water.wav
create a reminder drink water 3.wav,CREATE_REMINDER,create a reminder drink water,create a reminder drink water,hp80,train,/mnt/jfs_hpc/home/ron.andrei.soriano/sandbox/VCM-v2/data_new/wavs/hp80/CREATE_REMINDER/create a reminder drink water.wav
create a reminder drink water 3.wav,CREATE_REMINDER,create a reminder drink water,create a reminder drink water,rumble,train,/mnt/jfs_hpc/home/ron.andrei.soriano/sandbox/VCM-v2/data_new/wavs/rumble/CREATE_REMINDER/create a reminder drink water.wav
create a reminder drink water 3.wav,CREATE_REMINDER,create a reminder drink water,create a reminder drink water,white,train,/mnt/jfs_hpc/home/ron.andrei.soriano/sandbox/VCM-v2/data_new/wavs/white/CREATE_REMINDER/create a reminder drink water.wav
create a reminder drink water 3.wav,CREATE_REMINDER,create a reminder drink water,create a reminder drink water,babble,train,/mnt/jfs_hpc/home/ron.andrei.soriano/sandbox/VCM-v2/data_new/wavs/babble/CREATE_REMINDER/create a reminder drink water.wav
create a reminder drink water 3.wav,CREATE_REMINDER,create a reminder drink water,create a reminder drink water,reverb,train,/mnt/jfs_hpc/home/ron.andrei.soriano/sandbox/VCM-v2/data_new/wavs/reverb/CREATE_REMINDER/create a reminder drink water.wav
create a reminder drink water 3.wav,CREATE_REMINDER,create a reminder drink water,create a reminder drink water,pitch_up,train,/mnt/jfs_hpc/home/ron.andrei.soriano/sandbox/VCM-v2/data_new/wavs/pitch_up/CREATE_REMINDER/create a reminder drink water.wav
create a reminder drink water 3.wav,CREATE_REMINDER,create a reminder drink water,create a reminder drink water,pitch_down,train,/mnt/jfs_hpc/home/ron.andrei.soriano/sandbox/VCM-v2/data_new/wavs/pitch_down/CREATE_REMINDER/create a reminder drink water.wav
create a reminder drink water 3.wav,CREATE_REMINDER,create a reminder drink water,create a reminder drink water,stretch,train,/mnt/jfs_hpc/home/ron.andrei.soriano/sandbox/VCM-v2/data_new/wavs/stretch/CREATE_REMINDER/create a reminder drink water.wav
create a reminder exercise 1.wav,CREATE_REMINDER,create a reminder exercise,create a reminder exercise,clean,val,/mnt/jfs_hpc/home/ron.andrei.soriano/sandbox/VCM-v2/data_new/wavs/clean/CREATE_REMINDER/create a reminder exercise.wav
create a reminder exercise 1.wav,CREATE_REMINDER,create a reminder exercise,create a reminder exercise,hp80,train,/mnt/jfs_hpc/home/ron.andrei.soriano/sandbox/VCM-v2/data_new/wavs/hp80/CREATE_REMINDER/create a reminder exercise.wav
create a reminder exercise 1.wav,CREATE_REMINDER,create a reminder exercise,create a reminder exercise,rumble,train,/mnt/jfs_hpc/home/ron.andrei.soriano/sandbox/VCM-v2/data_new/wavs/rumble/CREATE_REMINDER/create a reminder exercise.wav
create a reminder exercise 1.wav,CREATE_REMINDER,create a reminder exercise,create a reminder exercise,white,train,/mnt/jfs_hpc/home/ron.andrei.soriano/sandbox/VCM-v2/data_new/wavs/white/CREATE_REMINDER/create a reminder exercise.wav
create a reminder exercise 1.wav,CREATE_REMINDER,create a reminder exercise,create a reminder exercise,babble,train,/mnt/jfs_hpc/home/ron.andrei.soriano/sandbox/VCM-v2/data_new/wavs/babble/CREATE_REMINDER/create a reminder exercise.wav
create a reminder exercise 1.wav,CREATE_REMINDER,create a reminder exercise,create a reminder exercise,reverb,train,/mnt/jfs_hpc/home/ron.andrei.soriano/sandbox/VCM-v2/data_new/wavs/reverb/CREATE_REMINDER/create a reminder exercise.wav
create a reminder exercise 1.wav,CREATE_REMINDER,create a reminder exercise,create a reminder exercise,pitch_up,train,/mnt/jfs_hpc/home/ron.andrei.soriano/sandbox/VCM-v2/data_new/wavs/pitch_up/CREATE_REMINDER/create a reminder exercise.wav
create a reminder exercise 1.wav,CREATE_REMINDER,create a reminder exercise,create a reminder exercise,pitch_down,train,/mnt/jfs_hpc/home/ron.andrei.soriano/sandbox/VCM-v2/data_new/wavs/pitch_down/CREATE_REMINDER/create a reminder exercise.wav
create a reminder exercise 1.wav,CREATE_REMINDER,create a reminder exercise,create a reminder exercise,stretch,train,/mnt/jfs_hpc/home/ron.andrei.soriano/sandbox/VCM-v2/data_new/wavs/stretch/CREATE_REMINDER/create a reminder exercise.wav
create a reminder study 2.wav,CREATE_REMINDER,create a reminder study,create a reminder study,clean,val,/mnt/jfs_hpc/home/ron.andrei.soriano/sandbox/VCM-v2/data_new/wavs/clean/CREATE_REMINDER/create a reminder study.wav
create a reminder study 2.wav,CREATE_REMINDER,create a reminder study,create a reminder study,hp80,train,/mnt/jfs_hpc/home/ron.andrei.soriano/sandbox/VCM-v2/data_new/wavs/hp80/CREATE_REMINDER/create a reminder study.wav
create a reminder study 2.wav,CREATE_REMINDER,create a reminder study,create a reminder study,rumble,train,/mnt/jfs_hpc/home/ron.andrei.soriano/sandbox/VCM-v2/data_new/wavs/rumble/CREATE_REMINDER/create a reminder study.wav
create a reminder study 2.wav,CREATE_REMINDER,create a reminder study,create a reminder study,white,train,/mnt/jfs_hpc/home/ron.andrei.soriano/sandbox/VCM-v2/data_new/wavs/white/CREATE_REMINDER/create a reminder study.wav
create a reminder study 2.wav,CREATE_REMINDER,create a reminder study,create a reminder study,babble,train,/mnt/jfs_hpc/home/ron.andrei.soriano/sandbox/VCM-v2/data_new/wavs/babble/CREATE_REMINDER/create a reminder study.wav
create a reminder study 2.wav,CREATE_REMINDER,create a reminder study,create a reminder study,reverb,train,/mnt/jfs_hpc/home/ron.andrei.soriano/sandbox/VCM-v2/data_new/wavs/reverb/CREATE_REMINDER/create a reminder study.wav
create a reminder study 2.wav,CREATE_REMINDER,create a reminder study,create a reminder study,pitch_up,train,/mnt/jfs_hpc/home/ron.andrei.soriano/sandbox/VCM-v2/data_new/wavs/pitch_up/CREATE_REMINDER/create a reminder study.wav
create a reminder study 2.wav,CREATE_REMINDER,create a reminder study,create a reminder study,pitch_down,train,/mnt/jfs_hpc/home/ron.andrei.soriano/sandbox/VCM-v2/data_new/wavs/pitch_down/CREATE_REMINDER/create a reminder study.wav
create a reminder study 2.wav,CREATE_REMINDER,create a reminder study,create a reminder study,stretch,train,/mnt/jfs_hpc/home/ron.andrei.soriano/sandbox/VCM-v2/data_new/wavs/stretch/CREATE_REMINDER/create a reminder study.wav
create a reminder to drink water 2.wav,CREATE_REMINDER,create a reminder to drink water,create a reminder to drink water,clean,val,/mnt/jfs_hpc/home/ron.andrei.soriano/sandbox/VCM-v2/data_new/wavs/clean/CREATE_REMINDER/create a reminder to drink water.wav
create a reminder to drink water 2.wav,CREATE_REMINDER,create a reminder to drink water,create a reminder to drink water,hp80,train,/mnt/jfs_hpc/home/ron.andrei.soriano/sandbox/VCM-v2/data_new/wavs/hp80/CREATE_REMINDER/create a reminder to drink water.wav
create a reminder to drink water 2.wav,CREATE_REMINDER,create a reminder to drink water,create a reminder to drink water,rumble,train,/mnt/jfs_hpc/home/ron.andrei.soriano/sandbox/VCM-v2/data_new/wavs/rumble/CREATE_REMINDER/create a reminder to drink water.wav
create a reminder to drink water 2.wav,CREATE_REMINDER,create a reminder to drink water,create a reminder to drink water,white,train,/mnt/jfs_hpc/home/ron.andrei.soriano/sandbox/VCM-v2/data_new/wavs/white/CREATE_REMINDER/create a reminder to drink water.wav
create a reminder to drink water 2.wav,CREATE_REMINDER,create a reminder to drink water,create a reminder to drink water,babble,train,/mnt/jfs_hpc/home/ron.andrei.soriano/sandbox/VCM-v2/data_new/wavs/babble/CREATE_REMINDER/create a reminder to drink water.wav
create a reminder to drink water 2.wav,CREATE_REMINDER,create a reminder to drink water,create a reminder to drink water,reverb,train,/mnt/jfs_hpc/home/ron.andrei.soriano/sandbox/VCM-v2/data_new/wavs/reverb/CREATE_REMINDER/create a reminder to drink water.wav
create a reminder to drink water 2.wav,CREATE_REMINDER,create a reminder to drink water,create a reminder to drink water,pitch_up,train,/mnt/jfs_hpc/home/ron.andrei.soriano/sandbox/VCM-v2/data_new/wavs/pitch_up/CREATE_REMINDER/create a reminder to drink water.wav
create a reminder to drink water 2.wav,CREATE_REMINDER,create a reminder to drink water,create a reminder to drink water,pitch_down,train,/mnt/jfs_hpc/home/ron.andrei.soriano/sandbox/VCM-v2/data_new/wavs/pitch_down/CREATE_REMINDER/create a reminder to drink water.wav
create a reminder to drink water 2.wav,CREATE_REMINDER,create a reminder to drink water,create a reminder to drink water,stretch,train,/mnt/jfs_hpc/home/ron.andrei.soriano/sandbox/VCM-v2/data_new/wavs/stretch/CREATE_REMINDER/create a reminder to drink water.wav
create a reminder to exercise 2.wav,CREATE_REMINDER,create a reminder to exercise,create a reminder to exercise,clean,val,/mnt/jfs_hpc/home/ron.andrei.soriano/sandbox/VCM-v2/data_new/wavs/clean/CREATE_REMINDER/create a reminder to exercise.wav
create a reminder to exercise 2.wav,CREATE_REMINDER,create a reminder to exercise,create a reminder to exercise,hp80,train,/mnt/jfs_hpc/home/ron.andrei.soriano/sandbox/VCM-v2/data_new/wavs/hp80/CREATE_REMINDER/create a reminder to exercise.wav
create a reminder to exercise 2.wav,CREATE_REMINDER,create a reminder to exercise,create a reminder to exercise,rumble,train,/mnt/jfs_hpc/home/ron.andrei.soriano/sandbox/VCM-v2/data_new/wavs/rumble/CREATE_REMINDER/create a reminder to exercise.wav
create a reminder to exercise 2.wav,CREATE_REMINDER,create a reminder to exercise,create a reminder to exercise,white,train,/mnt/jfs_hpc/home/ron.andrei.soriano/sandbox/VCM-v2/data_new/wavs/white/CREATE_REMINDER/create a reminder to exercise.wav
create a reminder to exercise 2.wav,CREATE_REMINDER,create a reminder to exercise,create a reminder to exercise,babble,train,/mnt/jfs_hpc/home/ron.andrei.soriano/sandbox/VCM-v2/data_new/wavs/babble/CREATE_REMINDER/create a reminder to exercise.wav
create a reminder to exercise 2.wav,CREATE_REMINDER,create a reminder to exercise,create a reminder to exercise,reverb,train,/mnt/jfs_hpc/home/ron.andrei.soriano/sandbox/VCM-v2/data_new/wavs/reverb/CREATE_REMINDER/create a reminder to exercise.wav
create a reminder to exercise 2.wav,CREATE_REMINDER,create a reminder to exercise,create a reminder to exercise,pitch_up,train,/mnt/jfs_hpc/home/ron.andrei.soriano/sandbox/VCM-v2/data_new/wavs/pitch_up/CREATE_REMINDER/create a reminder to exercise.wav
create a reminder to exercise 2.wav,CREATE_REMINDER,create a reminder to exercise,create a reminder to exercise,pitch_down,train,/mnt/jfs_hpc/home/ron.andrei.soriano/sandbox/VCM-v2/data_new/wavs/pitch_down/CREATE_REMINDER/create a reminder to exercise.wav
create a reminder to exercise 2.wav,CREATE_REMINDER,create a reminder to exercise,create a reminder to exercise,stretch,train,/mnt/jfs_hpc/home/ron.andrei.soriano/sandbox/VCM-v2/data_new/wavs/stretch/CREATE_REMINDER/create a reminder to exercise.wav
create a reminder to exercise 3.wav,CREATE_REMINDER,create a reminder to exercise,create a reminder to exercise,clean,val,/mnt/jfs_hpc/home/ron.andrei.soriano/sandbox/VCM-v2/data_new/wavs/clean/CREATE_REMINDER/create a reminder to exercise.wav
create a reminder to exercise 3.wav,CREATE_REMINDER,create a reminder to exercise,create a reminder to exercise,hp80,train,/mnt/jfs_hpc/home/ron.andrei.soriano/sandbox/VCM-v2/data_new/wavs/hp80/CREATE_REMINDER/create a reminder to exercise.wav
create a reminder to exercise 3.wav,CREATE_REMINDER,create a reminder to exercise,create a reminder to exercise,rumble,train,/mnt/jfs_hpc/home/ron.andrei.soriano/sandbox/VCM-v2/data_new/wavs/rumble/CREATE_REMINDER/create a reminder to exercise.wav
create a reminder to exercise 3.wav,CREATE_REMINDER,create a reminder to exercise,create a reminder to exercise,white,train,/mnt/jfs_hpc/home/ron.andrei.soriano/sandbox/VCM-v2/data_new/wavs/white/CREATE_REMINDER/create a reminder to exercise.wav
create a reminder to exercise 3.wav,CREATE_REMINDER,create a reminder to exercise,create a reminder to exercise,babble,train,/mnt/jfs_hpc/home/ron.andrei.soriano/sandbox/VCM-v2/data_new/wavs/babble/CREATE_REMINDER/create a reminder to exercise.wav
create a reminder to exercise 3.wav,CREATE_REMINDER,create a reminder to exercise,create a reminder to exercise,reverb,train,/mnt/jfs_hpc/home/ron.andrei.soriano/sandbox/VCM-v2/data_new/wavs/reverb/CREATE_REMINDER/create a reminder to exercise.wav
create a reminder to exercise 3.wav,CREATE_REMINDER,create a reminder to exercise,create a reminder to exercise,pitch_up,train,/mnt/jfs_hpc/home/ron.andrei.soriano/sandbox/VCM-v2/data_new/wavs/pitch_up/CREATE_REMINDER/create a reminder to exercise.wav
create a reminder to exercise 3.wav,CREATE_REMINDER,create a reminder to exercise,create a reminder to exercise,pitch_down,train,/mnt/jfs_hpc/home/ron.andrei.soriano/sandbox/VCM-v2/data_new/wavs/pitch_down/CREATE_REMINDER/create a reminder to exercise.wav
create a reminder to exercise 3.wav,CREATE_REMINDER,create a reminder to exercise,create a reminder to exercise,stretch,train,/mnt/jfs_hpc/home/ron.andrei.soriano/sandbox/VCM-v2/data_new/wavs/stretch/CREATE_REMINDER/create a reminder to exercise.wav
create a reminder to study 1.wav,CREATE_REMINDER,create a reminder to study,create a reminder to study,clean,val,/mnt/jfs_hpc/home/ron.andrei.soriano/sandbox/VCM-v2/data_new/wavs/clean/CREATE_REMINDER/create a reminder to study.wav
create a reminder to study 1.wav,CREATE_REMINDER,create a reminder to study,create a reminder to study,hp80,train,/mnt/jfs_hpc/home/ron.andrei.soriano/sandbox/VCM-v2/data_new/wavs/hp80/CREATE_REMINDER/create a reminder to study.wav
create a reminder to study 1.wav,CREATE_REMINDER,create a reminder to study,create a reminder to study,rumble,train,/mnt/jfs_hpc/home/ron.andrei.soriano/sandbox/VCM-v2/data_new/wavs/rumble/CREATE_REMINDER/create a reminder to study.wav
create a reminder to study 1.wav,CREATE_REMINDER,create a reminder to study,create a reminder to study,white,train,/mnt/jfs_hpc/home/ron.andrei.soriano/sandbox/VCM-v2/data_new/wavs/white/CREATE_REMINDER/create a reminder to study.wav
create a reminder to study 1.wav,CREATE_REMINDER,create a reminder to study,create a reminder to study,babble,train,/mnt/jfs_hpc/home/ron.andrei.soriano/sandbox/VCM-v2/data_new/wavs/babble/CREATE_REMINDER/create a reminder to study.wav
create a reminder to study 1.wav,CREATE_REMINDER,create a reminder to study,create a reminder to study,reverb,train,/mnt/jfs_hpc/home/ron.andrei.soriano/sandbox/VCM-v2/data_new/wavs/reverb/CREATE_REMINDER/create a reminder to study.wav
create a reminder to study 1.wav,CREATE_REMINDER,create a reminder to study,create a reminder to study,pitch_up,train,/mnt/jfs_hpc/home/ron.andrei.soriano/sandbox/VCM-v2/data_new/wavs/pitch_up/CREATE_REMINDER/create a reminder to study.wav
create a reminder to study 1.wav,CREATE_REMINDER,create a reminder to study,create a reminder to study,pitch_down,train,/mnt/jfs_hpc/home/ron.andrei.soriano/sandbox/VCM-v2/data_new/wavs/pitch_down/CREATE_REMINDER/create a reminder to study.wav
create a reminder to study 1.wav,CREATE_REMINDER,create a reminder to study,create a reminder to study,stretch,train,/mnt/jfs_hpc/home/ron.andrei.soriano/sandbox/VCM-v2/data_new/wavs/stretch/CREATE_REMINDER/create a reminder to study.wav
create a reminder to study 3.wav,CREATE_REMINDER,create a reminder to study,create a reminder to study,clean,val,/mnt/jfs_hpc/home/ron.andrei.soriano/sandbox/VCM-v2/data_new/wavs/clean/CREATE_REMINDER/create a reminder to study.wav
create a reminder to study 3.wav,CREATE_REMINDER,create a reminder to study,create a reminder to study,hp80,train,/mnt/jfs_hpc/home/ron.andrei.soriano/sandbox/VCM-v2/data_new/wavs/hp80/CREATE_REMINDER/create a reminder to study.wav
create a reminder to study 3.wav,CREATE_REMINDER,create a reminder to study,create a reminder to study,rumble,train,/mnt/jfs_hpc/home/ron.andrei.soriano/sandbox/VCM-v2/data_new/wavs/rumble/CREATE_REMINDER/create a reminder to study.wav
create a reminder to study 3.wav,CREATE_REMINDER,create a reminder to study,create a reminder to study,white,train,/mnt/jfs_hpc/home/ron.andrei.soriano/sandbox/VCM-v2/data_new/wavs/white/CREATE_REMINDER/create a reminder to study.wav
create a reminder to study 3.wav,CREATE_REMINDER,create a reminder to study,create a reminder to study,babble,train,/mnt/jfs_hpc/home/ron.andrei.soriano/sandbox/VCM-v2/data_new/wavs/babble/CREATE_REMINDER/create a reminder to study.wav
create a reminder to study 3.wav,CREATE_REMINDER,create a reminder to study,create a reminder to study,reverb,train,/mnt/jfs_hpc/home/ron.andrei.soriano/sandbox/VCM-v2/data_new/wavs/reverb/CREATE_REMINDER/create a reminder to study.wav
create a reminder to study 3.wav,CREATE_REMINDER,create a reminder to study,create a reminder to study,pitch_up,train,/mnt/jfs_hpc/home/ron.andrei.soriano/sandbox/VCM-v2/data_new/wavs/pitch_up/CREATE_REMINDER/create a reminder to study.wav
create a reminder to study 3.wav,CREATE_REMINDER,create a reminder to study,create a reminder to study,pitch_down,train,/mnt/jfs_hpc/home/ron.andrei.soriano/sandbox/VCM-v2/data_new/wavs/pitch_down/CREATE_REMINDER/create a reminder to study.wav
create a reminder to study 3.wav,CREATE_REMINDER,create a reminder to study,create a reminder to study,stretch,train,/mnt/jfs_hpc/home/ron.andrei.soriano/sandbox/VCM-v2/data_new/wavs/stretch/CREATE_REMINDER/create a reminder to study.wav
create reminder to drink water 1.wav,CREATE_REMINDER,create reminder to drink water,create reminder to drink water,clean,val,/mnt/jfs_hpc/home/ron.andrei.soriano/sandbox/VCM-v2/data_new/wavs/clean/CREATE_REMINDER/create reminder to drink water.wav
create reminder to drink water 1.wav,CREATE_REMINDER,create reminder to drink water,create reminder to drink water,hp80,train,/mnt/jfs_hpc/home/ron.andrei.soriano/sandbox/VCM-v2/data_new/wavs/hp80/CREATE_REMINDER/create reminder to drink water.wav
create reminder to drink water 1.wav,CREATE_REMINDER,create reminder to drink water,create reminder to drink water,rumble,train,/mnt/jfs_hpc/home/ron.andrei.soriano/sandbox/VCM-v2/data_new/wavs/rumble/CREATE_REMINDER/create reminder to drink water.wav
create reminder to drink water 1.wav,CREATE_REMINDER,create reminder to drink water,create reminder to drink water,white,train,/mnt/jfs_hpc/home/ron.andrei.soriano/sandbox/VCM-v2/data_new/wavs/white/CREATE_REMINDER/create reminder to drink water.wav
create reminder to drink water 1.wav,CREATE_REMINDER,create reminder to drink water,create reminder to drink water,babble,train,/mnt/jfs_hpc/home/ron.andrei.soriano/sandbox/VCM-v2/data_new/wavs/babble/CREATE_REMINDER/create reminder to drink water.wav
create reminder to drink water 1.wav,CREATE_REMINDER,create reminder to drink water,create reminder to drink water,reverb,train,/mnt/jfs_hpc/home/ron.andrei.soriano/sandbox/VCM-v2/data_new/wavs/reverb/CREATE_REMINDER/create reminder to drink water.wav
create reminder to drink water 1.wav,CREATE_REMINDER,create reminder to drink water,create reminder to drink water,pitch_up,train,/mnt/jfs_hpc/home/ron.andrei.soriano/sandbox/VCM-v2/data_new/wavs/pitch_up/CREATE_REMINDER/create reminder to drink water.wav
create reminder to drink water 1.wav,CREATE_REMINDER,create reminder to drink water,create reminder to drink water,pitch_down,train,/mnt/jfs_hpc/home/ron.andrei.soriano/sandbox/VCM-v2/data_new/wavs/pitch_down/CREATE_REMINDER/create reminder to drink water.wav
create reminder to drink water 1.wav,CREATE_REMINDER,create reminder to drink water,create reminder to drink water,stretch,train,/mnt/jfs_hpc/home/ron.andrei.soriano/sandbox/VCM-v2/data_new/wavs/stretch/CREATE_REMINDER/create reminder to drink water.wav
kill the lights 1.wav,LIGHT_OFF,kill the lights,kill the lights,clean,val,/mnt/jfs_hpc/home/ron.andrei.soriano/sandbox/VCM-v2/data_new/wavs/clean/LIGHT_OFF/kill the lights.wav
kill the lights 1.wav,LIGHT_OFF,kill the lights,kill the lights,hp80,train,/mnt/jfs_hpc/home/ron.andrei.soriano/sandbox/VCM-v2/data_new/wavs/hp80/LIGHT_OFF/kill the lights.wav
kill the lights 1.wav,LIGHT_OFF,kill the lights,kill the lights,rumble,train,/mnt/jfs_hpc/home/ron.andrei.soriano/sandbox/VCM-v2/data_new/wavs/rumble/LIGHT_OFF/kill the lights.wav
kill the lights 1.wav,LIGHT_OFF,kill the lights,kill the lights,white,train,/mnt/jfs_hpc/home/ron.andrei.soriano/sandbox/VCM-v2/data_new/wavs/white/LIGHT_OFF/kill the lights.wav
kill the lights 1.wav,LIGHT_OFF,kill the lights,kill the lights,babble,train,/mnt/jfs_hpc/home/ron.andrei.soriano/sandbox/VCM-v2/data_new/wavs/babble/LIGHT_OFF/kill the lights.wav
kill the lights 1.wav,LIGHT_OFF,kill the lights,kill the lights,reverb,train,/mnt/jfs_hpc/home/ron.andrei.soriano/sandbox/VCM-v2/data_new/wavs/reverb/LIGHT_OFF/kill the lights.wav
kill the lights 1.wav,LIGHT_OFF,kill the lights,kill the lights,pitch_up,train,/mnt/jfs_hpc/home/ron.andrei.soriano/sandbox/VCM-v2/data_new/wavs/pitch_up/LIGHT_OFF/kill the lights.wav
kill the lights 1.wav,LIGHT_OFF,kill the lights,kill the lights,pitch_down,train,/mnt/jfs_hpc/home/ron.andrei.soriano/sandbox/VCM-v2/data_new/wavs/pitch_down/LIGHT_OFF/kill the lights.wav
kill the lights 1.wav,LIGHT_OFF,kill the lights,kill the lights,stretch,train,/mnt/jfs_hpc/home/ron.andrei.soriano/sandbox/VCM-v2/data_new/wavs/stretch/LIGHT_OFF/kill the lights.wav
kill the lights 2.wav,LIGHT_OFF,kill the lights,kill the lights,clean,val,/mnt/jfs_hpc/home/ron.andrei.soriano/sandbox/VCM-v2/data_new/wavs/clean/LIGHT_OFF/kill the lights.wav
kill the lights 2.wav,LIGHT_OFF,kill the lights,kill the lights,hp80,train,/mnt/jfs_hpc/home/ron.andrei.soriano/sandbox/VCM-v2/data_new/wavs/hp80/LIGHT_OFF/kill the lights.wav
kill the lights 2.wav,LIGHT_OFF,kill the lights,kill the lights,rumble,train,/mnt/jfs_hpc/home/ron.andrei.soriano/sandbox/VCM-v2/data_new/wavs/rumble/LIGHT_OFF/kill the lights.wav
kill the lights 2.wav,LIGHT_OFF,kill the lights,kill the lights,white,train,/mnt/jfs_hpc/home/ron.andrei.soriano/sandbox/VCM-v2/data_new/wavs/white/LIGHT_OFF/kill the lights.wav
kill the lights 2.wav,LIGHT_OFF,kill the lights,kill the lights,babble,train,/mnt/jfs_hpc/home/ron.andrei.soriano/sandbox/VCM-v2/data_new/wavs/babble/LIGHT_OFF/kill the lights.wav
kill the lights 2.wav,LIGHT_OFF,kill the lights,kill the lights,reverb,train,/mnt/jfs_hpc/home/ron.andrei.soriano/sandbox/VCM-v2/data_new/wavs/reverb/LIGHT_OFF/kill the lights.wav
kill the lights 2.wav,LIGHT_OFF,kill the lights,kill the lights,pitch_up,train,/mnt/jfs_hpc/home/ron.andrei.soriano/sandbox/VCM-v2/data_new/wavs/pitch_up/LIGHT_OFF/kill the lights.wav
kill the lights 2.wav,LIGHT_OFF,kill the lights,kill the lights,pitch_down,train,/mnt/jfs_hpc/home/ron.andrei.soriano/sandbox/VCM-v2/data_new/wavs/pitch_down/LIGHT_OFF/kill the lights.wav
kill the lights 2.wav,LIGHT_OFF,kill the lights,kill the lights,stretch,train,/mnt/jfs_hpc/home/ron.andrei.soriano/sandbox/VCM-v2/data_new/wavs/stretch/LIGHT_OFF/kill the lights.wav
kill the lights 3.wav,LIGHT_OFF,kill the lights,kill the lights,clean,val,/mnt/jfs_hpc/home/ron.andrei.soriano/sandbox/VCM-v2/data_new/wavs/clean/LIGHT_OFF/kill the lights.wav
kill the lights 3.wav,LIGHT_OFF,kill the lights,kill the lights,hp80,train,/mnt/jfs_hpc/home/ron.andrei.soriano/sandbox/VCM-v2/data_new/wavs/hp80/LIGHT_OFF/kill the lights.wav
kill the lights 3.wav,LIGHT_OFF,kill the lights,kill the lights,rumble,train,/mnt/jfs_hpc/home/ron.andrei.soriano/sandbox/VCM-v2/data_new/wavs/rumble/LIGHT_OFF/kill the lights.wav
kill the lights 3.wav,LIGHT_OFF,kill the lights,kill the lights,white,train,/mnt/jfs_hpc/home/ron.andrei.soriano/sandbox/VCM-v2/data_new/wavs/white/LIGHT_OFF/kill the lights.wav
kill the lights 3.wav,LIGHT_OFF,kill the lights,kill the lights,babble,train,/mnt/jfs_hpc/home/ron.andrei.soriano/sandbox/VCM-v2/data_new/wavs/babble/LIGHT_OFF/kill the lights.wav
kill the lights 3.wav,LIGHT_OFF,kill the lights,kill the lights,reverb,train,/mnt/jfs_hpc/home/ron.andrei.soriano/sandbox/VCM-v2/data_new/wavs/reverb/LIGHT_OFF/kill the lights.wav
kill the lights 3.wav,LIGHT_OFF,kill the lights,kill the lights,pitch_up,train,/mnt/jfs_hpc/home/ron.andrei.soriano/sandbox/VCM-v2/data_new/wavs/pitch_up/LIGHT_OFF/kill the lights.wav
kill the lights 3.wav,LIGHT_OFF,kill the lights,kill the lights,pitch_down,train,/mnt/jfs_hpc/home/ron.andrei.soriano/sandbox/VCM-v2/data_new/wavs/pitch_down/LIGHT_OFF/kill the lights.wav
kill the lights 3.wav,LIGHT_OFF,kill the lights,kill the lights,stretch,train,/mnt/jfs_hpc/home/ron.andrei.soriano/sandbox/VCM-v2/data_new/wavs/stretch/LIGHT_OFF/kill the lights.wav
lights out 1.wav,LIGHT_OFF,lights out,lights out,clean,val,/mnt/jfs_hpc/home/ron.andrei.soriano/sandbox/VCM-v2/data_new/wavs/clean/LIGHT_OFF/lights out.wav
lights out 1.wav,LIGHT_OFF,lights out,lights out,hp80,train,/mnt/jfs_hpc/home/ron.andrei.soriano/sandbox/VCM-v2/data_new/wavs/hp80/LIGHT_OFF/lights out.wav
lights out 1.wav,LIGHT_OFF,lights out,lights out,rumble,train,/mnt/jfs_hpc/home/ron.andrei.soriano/sandbox/VCM-v2/data_new/wavs/rumble/LIGHT_OFF/lights out.wav
lights out 1.wav,LIGHT_OFF,lights out,lights out,white,train,/mnt/jfs_hpc/home/ron.andrei.soriano/sandbox/VCM-v2/data_new/wavs/white/LIGHT_OFF/lights out.wav
lights out 1.wav,LIGHT_OFF,lights out,lights out,babble,train,/mnt/jfs_hpc/home/ron.andrei.soriano/sandbox/VCM-v2/data_new/wavs/babble/LIGHT_OFF/lights out.wav
lights out 1.wav,LIGHT_OFF,lights out,lights out,reverb,train,/mnt/jfs_hpc/home/ron.andrei.soriano/sandbox/VCM-v2/data_new/wavs/reverb/LIGHT_OFF/lights out.wav
lights out 1.wav,LIGHT_OFF,lights out,lights out,pitch_up,train,/mnt/jfs_hpc/home/ron.andrei.soriano/sandbox/VCM-v2/data_new/wavs/pitch_up/LIGHT_OFF/lights out.wav
lights out 1.wav,LIGHT_OFF,lights out,lights out,pitch_down,train,/mnt/jfs_hpc/home/ron.andrei.soriano/sandbox/VCM-v2/data_new/wavs/pitch_down/LIGHT_OFF/lights out.wav
lights out 1.wav,LIGHT_OFF,lights out,lights out,stretch,train,/mnt/jfs_hpc/home/ron.andrei.soriano/sandbox/VCM-v2/data_new/wavs/stretch/LIGHT_OFF/lights out.wav
lights out 2.wav,LIGHT_OFF,lights out,lights out,clean,val,/mnt/jfs_hpc/home/ron.andrei.soriano/sandbox/VCM-v2/data_new/wavs/clean/LIGHT_OFF/lights out.wav
lights out 2.wav,LIGHT_OFF,lights out,lights out,hp80,train,/mnt/jfs_hpc/home/ron.andrei.soriano/sandbox/VCM-v2/data_new/wavs/hp80/LIGHT_OFF/lights out.wav
lights out 2.wav,LIGHT_OFF,lights out,lights out,rumble,train,/mnt/jfs_hpc/home/ron.andrei.soriano/sandbox/VCM-v2/data_new/wavs/rumble/LIGHT_OFF/lights out.wav
lights out 2.wav,LIGHT_OFF,lights out,lights out,white,train,/mnt/jfs_hpc/home/ron.andrei.soriano/sandbox/VCM-v2/data_new/wavs/white/LIGHT_OFF/lights out.wav
lights out 2.wav,LIGHT_OFF,lights out,lights out,babble,train,/mnt/jfs_hpc/home/ron.andrei.soriano/sandbox/VCM-v2/data_new/wavs/babble/LIGHT_OFF/lights out.wav
lights out 2.wav,LIGHT_OFF,lights out,lights out,reverb,train,/mnt/jfs_hpc/home/ron.andrei.soriano/sandbox/VCM-v2/data_new/wavs/reverb/LIGHT_OFF/lights out.wav
lights out 2.wav,LIGHT_OFF,lights out,lights out,pitch_up,train,/mnt/jfs_hpc/home/ron.andrei.soriano/sandbox/VCM-v2/data_new/wavs/pitch_up/LIGHT_OFF/lights out.wav
lights out 2.wav,LIGHT_OFF,lights out,lights out,pitch_down,train,/mnt/jfs_hpc/home/ron.andrei.soriano/sandbox/VCM-v2/data_new/wavs/pitch_down/LIGHT_OFF/lights out.wav
lights out 2.wav,LIGHT_OFF,lights out,lights out,stretch,train,/mnt/jfs_hpc/home/ron.andrei.soriano/sandbox/VCM-v2/data_new/wavs/stretch/LIGHT_OFF/lights out.wav
lights out 3.wav,LIGHT_OFF,lights out,lights out,clean,val,/mnt/jfs_hpc/home/ron.andrei.soriano/sandbox/VCM-v2/data_new/wavs/clean/LIGHT_OFF/lights out.wav
lights out 3.wav,LIGHT_OFF,lights out,lights out,hp80,train,/mnt/jfs_hpc/home/ron.andrei.soriano/sandbox/VCM-v2/data_new/wavs/hp80/LIGHT_OFF/lights out.wav
lights out 3.wav,LIGHT_OFF,lights out,lights out,rumble,train,/mnt/jfs_hpc/home/ron.andrei.soriano/sandbox/VCM-v2/data_new/wavs/rumble/LIGHT_OFF/lights out.wav
lights out 3.wav,LIGHT_OFF,lights out,lights out,white,train,/mnt/jfs_hpc/home/ron.andrei.soriano/sandbox/VCM-v2/data_new/wavs/white/LIGHT_OFF/lights out.wav
lights out 3.wav,LIGHT_OFF,lights out,lights out,babble,train,/mnt/jfs_hpc/home/ron.andrei.soriano/sandbox/VCM-v2/data_new/wavs/babble/LIGHT_OFF/lights out.wav
lights out 3.wav,LIGHT_OFF,lights out,lights out,reverb,train,/mnt/jfs_hpc/home/ron.andrei.soriano/sandbox/VCM-v2/data_new/wavs/reverb/LIGHT_OFF/lights out.wav
lights out 3.wav,LIGHT_OFF,lights out,lights out,pitch_up,train,/mnt/jfs_hpc/home/ron.andrei.soriano/sandbox/VCM-v2/data_new/wavs/pitch_up/LIGHT_OFF/lights out.wav
lights out 3.wav,LIGHT_OFF,lights out,lights out,pitch_down,train,/mnt/jfs_hpc/home/ron.andrei.soriano/sandbox/VCM-v2/data_new/wavs/pitch_down/LIGHT_OFF/lights out.wav
lights out 3.wav,LIGHT_OFF,lights out,lights out,stretch,train,/mnt/jfs_hpc/home/ron.andrei.soriano/sandbox/VCM-v2/data_new/wavs/stretch/LIGHT_OFF/lights out.wav
shut off the lights 1.wav,LIGHT_OFF,shut off the lights,shut off the lights,clean,val,/mnt/jfs_hpc/home/ron.andrei.soriano/sandbox/VCM-v2/data_new/wavs/clean/LIGHT_OFF/shut off the lights.wav
shut off the lights 1.wav,LIGHT_OFF,shut off the lights,shut off the lights,hp80,train,/mnt/jfs_hpc/home/ron.andrei.soriano/sandbox/VCM-v2/data_new/wavs/hp80/LIGHT_OFF/shut off the lights.wav
shut off the lights 1.wav,LIGHT_OFF,shut off the lights,shut off the lights,rumble,train,/mnt/jfs_hpc/home/ron.andrei.soriano/sandbox/VCM-v2/data_new/wavs/rumble/LIGHT_OFF/shut off the lights.wav
shut off the lights 1.wav,LIGHT_OFF,shut off the lights,shut off the lights,white,train,/mnt/jfs_hpc/home/ron.andrei.soriano/sandbox/VCM-v2/data_new/wavs/white/LIGHT_OFF/shut off the lights.wav
shut off the lights 1.wav,LIGHT_OFF,shut off the lights,shut off the lights,babble,train,/mnt/jfs_hpc/home/ron.andrei.soriano/sandbox/VCM-v2/data_new/wavs/babble/LIGHT_OFF/shut off the lights.wav
shut off the lights 1.wav,LIGHT_OFF,shut off the lights,shut off the lights,reverb,train,/mnt/jfs_hpc/home/ron.andrei.soriano/sandbox/VCM-v2/data_new/wavs/reverb/LIGHT_OFF/shut off the lights.wav
shut off the lights 1.wav,LIGHT_OFF,shut off the lights,shut off the lights,pitch_up,train,/mnt/jfs_hpc/home/ron.andrei.soriano/sandbox/VCM-v2/data_new/wavs/pitch_up/LIGHT_OFF/shut off the lights.wav
shut off the lights 1.wav,LIGHT_OFF,shut off the lights,shut off the lights,pitch_down,train,/mnt/jfs_hpc/home/ron.andrei.soriano/sandbox/VCM-v2/data_new/wavs/pitch_down/LIGHT_OFF/shut off the lights.wav
shut off the lights 1.wav,LIGHT_OFF,shut off the lights,shut off the lights,stretch,train,/mnt/jfs_hpc/home/ron.andrei.soriano/sandbox/VCM-v2/data_new/wavs/stretch/LIGHT_OFF/shut off the lights.wav
shut off the lights 2.wav,LIGHT_OFF,shut off the lights,shut off the lights,clean,val,/mnt/jfs_hpc/home/ron.andrei.soriano/sandbox/VCM-v2/data_new/wavs/clean/LIGHT_OFF/shut off the lights.wav
shut off the lights 2.wav,LIGHT_OFF,shut off the lights,shut off the lights,hp80,train,/mnt/jfs_hpc/home/ron.andrei.soriano/sandbox/VCM-v2/data_new/wavs/hp80/LIGHT_OFF/shut off the lights.wav
shut off the lights 2.wav,LIGHT_OFF,shut off the lights,shut off the lights,rumble,train,/mnt/jfs_hpc/home/ron.andrei.soriano/sandbox/VCM-v2/data_new/wavs/rumble/LIGHT_OFF/shut off the lights.wav
shut off the lights 2.wav,LIGHT_OFF,shut off the lights,shut off the lights,white,train,/mnt/jfs_hpc/home/ron.andrei.soriano/sandbox/VCM-v2/data_new/wavs/white/LIGHT_OFF/shut off the lights.wav
shut off the lights 2.wav,LIGHT_OFF,shut off the lights,shut off the lights,babble,train,/mnt/jfs_hpc/home/ron.andrei.soriano/sandbox/VCM-v2/data_new/wavs/babble/LIGHT_OFF/shut off the lights.wav
shut off the lights 2.wav,LIGHT_OFF,shut off the lights,shut off the lights,reverb,train,/mnt/jfs_hpc/home/ron.andrei.soriano/sandbox/VCM-v2/data_new/wavs/reverb/LIGHT_OFF/shut off the lights.wav
shut off the lights 2.wav,LIGHT_OFF,shut off the lights,shut off the lights,pitch_up,train,/mnt/jfs_hpc/home/ron.andrei.soriano/sandbox/VCM-v2/data_new/wavs/pitch_up/LIGHT_OFF/shut off the lights.wav
shut off the lights 2.wav,LIGHT_OFF,shut off the lights,shut off the lights,pitch_down,train,/mnt/jfs_hpc/home/ron.andrei.soriano/sandbox/VCM-v2/data_new/wavs/pitch_down/LIGHT_OFF/shut off the lights.wav
shut off the lights 2.wav,LIGHT_OFF,shut off the lights,shut off the lights,stretch,train,/mnt/jfs_hpc/home/ron.andrei.soriano/sandbox/VCM-v2/data_new/wavs/stretch/LIGHT_OFF/shut off the lights.wav
shut off the lights 3.wav,LIGHT_OFF,shut off the lights,shut off the lights,clean,val,/mnt/jfs_hpc/home/ron.andrei.soriano/sandbox/VCM-v2/data_new/wavs/clean/LIGHT_OFF/shut off the lights.wav
shut off the lights 3.wav,LIGHT_OFF,shut off the lights,shut off the lights,hp80,train,/mnt/jfs_hpc/home/ron.andrei.soriano/sandbox/VCM-v2/data_new/wavs/hp80/LIGHT_OFF/shut off the lights.wav
shut off the lights 3.wav,LIGHT_OFF,shut off the lights,shut off the lights,rumble,train,/mnt/jfs_hpc/home/ron.andrei.soriano/sandbox/VCM-v2/data_new/wavs/rumble/LIGHT_OFF/shut off the lights.wav
shut off the lights 3.wav,LIGHT_OFF,shut off the lights,shut off the lights,white,train,/mnt/jfs_hpc/home/ron.andrei.soriano/sandbox/VCM-v2/data_new/wavs/white/LIGHT_OFF/shut off the lights.wav
shut off the lights 3.wav,LIGHT_OFF,shut off the lights,shut off the lights,babble,train,/mnt/jfs_hpc/home/ron.andrei.soriano/sandbox/VCM-v2/data_new/wavs/babble/LIGHT_OFF/shut off the lights.wav
shut off the lights 3.wav,LIGHT_OFF,shut off the lights,shut off the lights,reverb,train,/mnt/jfs_hpc/home/ron.andrei.soriano/sandbox/VCM-v2/data_new/wavs/reverb/LIGHT_OFF/shut off the lights.wav
shut off the lights 3.wav,LIGHT_OFF,shut off the lights,shut off the lights,pitch_up,train,/mnt/jfs_hpc/home/ron.andrei.soriano/sandbox/VCM-v2/data_new/wavs/pitch_up/LIGHT_OFF/shut off the lights.wav
shut off the lights 3.wav,LIGHT_OFF,shut off the lights,shut off the lights,pitch_down,train,/mnt/jfs_hpc/home/ron.andrei.soriano/sandbox/VCM-v2/data_new/wavs/pitch_down/LIGHT_OFF/shut off the lights.wav
shut off the lights 3.wav,LIGHT_OFF,shut off the lights,shut off the lights,stretch,train,/mnt/jfs_hpc/home/ron.andrei.soriano/sandbox/VCM-v2/data_new/wavs/stretch/LIGHT_OFF/shut off the lights.wav
lights on 2.wav,LIGHT_ON,lights on,lights on,clean,val,/mnt/jfs_hpc/home/ron.andrei.soriano/sandbox/VCM-v2/data_new/wavs/clean/LIGHT_ON/lights on.wav
lights on 2.wav,LIGHT_ON,lights on,lights on,hp80,train,/mnt/jfs_hpc/home/ron.andrei.soriano/sandbox/VCM-v2/data_new/wavs/hp80/LIGHT_ON/lights on.wav
lights on 2.wav,LIGHT_ON,lights on,lights on,rumble,train,/mnt/jfs_hpc/home/ron.andrei.soriano/sandbox/VCM-v2/data_new/wavs/rumble/LIGHT_ON/lights on.wav
lights on 2.wav,LIGHT_ON,lights on,lights on,white,train,/mnt/jfs_hpc/home/ron.andrei.soriano/sandbox/VCM-v2/data_new/wavs/white/LIGHT_ON/lights on.wav
lights on 2.wav,LIGHT_ON,lights on,lights on,babble,train,/mnt/jfs_hpc/home/ron.andrei.soriano/sandbox/VCM-v2/data_new/wavs/babble/LIGHT_ON/lights on.wav
lights on 2.wav,LIGHT_ON,lights on,lights on,reverb,train,/mnt/jfs_hpc/home/ron.andrei.soriano/sandbox/VCM-v2/data_new/wavs/reverb/LIGHT_ON/lights on.wav
lights on 2.wav,LIGHT_ON,lights on,lights on,pitch_up,train,/mnt/jfs_hpc/home/ron.andrei.soriano/sandbox/VCM-v2/data_new/wavs/pitch_up/LIGHT_ON/lights on.wav
lights on 2.wav,LIGHT_ON,lights on,lights on,pitch_down,train,/mnt/jfs_hpc/home/ron.andrei.soriano/sandbox/VCM-v2/data_new/wavs/pitch_down/LIGHT_ON/lights on.wav
lights on 2.wav,LIGHT_ON,lights on,lights on,stretch,train,/mnt/jfs_hpc/home/ron.andrei.soriano/sandbox/VCM-v2/data_new/wavs/stretch/LIGHT_ON/lights on.wav
lights on 3.wav,LIGHT_ON,lights on,lights on,clean,val,/mnt/jfs_hpc/home/ron.andrei.soriano/sandbox/VCM-v2/data_new/wavs/clean/LIGHT_ON/lights on.wav
lights on 3.wav,LIGHT_ON,lights on,lights on,hp80,train,/mnt/jfs_hpc/home/ron.andrei.soriano/sandbox/VCM-v2/data_new/wavs/hp80/LIGHT_ON/lights on.wav
lights on 3.wav,LIGHT_ON,lights on,lights on,rumble,train,/mnt/jfs_hpc/home/ron.andrei.soriano/sandbox/VCM-v2/data_new/wavs/rumble/LIGHT_ON/lights on.wav
lights on 3.wav,LIGHT_ON,lights on,lights on,white,train,/mnt/jfs_hpc/home/ron.andrei.soriano/sandbox/VCM-v2/data_new/wavs/white/LIGHT_ON/lights on.wav
lights on 3.wav,LIGHT_ON,lights on,lights on,babble,train,/mnt/jfs_hpc/home/ron.andrei.soriano/sandbox/VCM-v2/data_new/wavs/babble/LIGHT_ON/lights on.wav
lights on 3.wav,LIGHT_ON,lights on,lights on,reverb,train,/mnt/jfs_hpc/home/ron.andrei.soriano/sandbox/VCM-v2/data_new/wavs/reverb/LIGHT_ON/lights on.wav
lights on 3.wav,LIGHT_ON,lights on,lights on,pitch_up,train,/mnt/jfs_hpc/home/ron.andrei.soriano/sandbox/VCM-v2/data_new/wavs/pitch_up/LIGHT_ON/lights on.wav
lights on 3.wav,LIGHT_ON,lights on,lights on,pitch_down,train,/mnt/jfs_hpc/home/ron.andrei.soriano/sandbox/VCM-v2/data_new/wavs/pitch_down/LIGHT_ON/lights on.wav
lights on 3.wav,LIGHT_ON,lights on,lights on,stretch,train,/mnt/jfs_hpc/home/ron.andrei.soriano/sandbox/VCM-v2/data_new/wavs/stretch/LIGHT_ON/lights on.wav
lights on.wav,LIGHT_ON,lights on,lights on,clean,val,/mnt/jfs_hpc/home/ron.andrei.soriano/sandbox/VCM-v2/data_new/wavs/clean/LIGHT_ON/lights on.wav
lights on.wav,LIGHT_ON,lights on,lights on,hp80,train,/mnt/jfs_hpc/home/ron.andrei.soriano/sandbox/VCM-v2/data_new/wavs/hp80/LIGHT_ON/lights on.wav
lights on.wav,LIGHT_ON,lights on,lights on,rumble,train,/mnt/jfs_hpc/home/ron.andrei.soriano/sandbox/VCM-v2/data_new/wavs/rumble/LIGHT_ON/lights on.wav
lights on.wav,LIGHT_ON,lights on,lights on,white,train,/mnt/jfs_hpc/home/ron.andrei.soriano/sandbox/VCM-v2/data_new/wavs/white/LIGHT_ON/lights on.wav
lights on.wav,LIGHT_ON,lights on,lights on,babble,train,/mnt/jfs_hpc/home/ron.andrei.soriano/sandbox/VCM-v2/data_new/wavs/babble/LIGHT_ON/lights on.wav
lights on.wav,LIGHT_ON,lights on,lights on,reverb,train,/mnt/jfs_hpc/home/ron.andrei.soriano/sandbox/VCM-v2/data_new/wavs/reverb/LIGHT_ON/lights on.wav
lights on.wav,LIGHT_ON,lights on,lights on,pitch_up,train,/mnt/jfs_hpc/home/ron.andrei.soriano/sandbox/VCM-v2/data_new/wavs/pitch_up/LIGHT_ON/lights on.wav
lights on.wav,LIGHT_ON,lights on,lights on,pitch_down,train,/mnt/jfs_hpc/home/ron.andrei.soriano/sandbox/VCM-v2/data_new/wavs/pitch_down/LIGHT_ON/lights on.wav
lights on.wav,LIGHT_ON,lights on,lights on,stretch,train,/mnt/jfs_hpc/home/ron.andrei.soriano/sandbox/VCM-v2/data_new/wavs/stretch/LIGHT_ON/lights on.wav
power on the lights 1.wav,LIGHT_ON,power on the lights,power on the lights,clean,val,/mnt/jfs_hpc/home/ron.andrei.soriano/sandbox/VCM-v2/data_new/wavs/clean/LIGHT_ON/power on the lights.wav
power on the lights 1.wav,LIGHT_ON,power on the lights,power on the lights,hp80,train,/mnt/jfs_hpc/home/ron.andrei.soriano/sandbox/VCM-v2/data_new/wavs/hp80/LIGHT_ON/power on the lights.wav
power on the lights 1.wav,LIGHT_ON,power on the lights,power on the lights,rumble,train,/mnt/jfs_hpc/home/ron.andrei.soriano/sandbox/VCM-v2/data_new/wavs/rumble/LIGHT_ON/power on the lights.wav
power on the lights 1.wav,LIGHT_ON,power on the lights,power on the lights,white,train,/mnt/jfs_hpc/home/ron.andrei.soriano/sandbox/VCM-v2/data_new/wavs/white/LIGHT_ON/power on the lights.wav
power on the lights 1.wav,LIGHT_ON,power on the lights,power on the lights,babble,train,/mnt/jfs_hpc/home/ron.andrei.soriano/sandbox/VCM-v2/data_new/wavs/babble/LIGHT_ON/power on the lights.wav
power on the lights 1.wav,LIGHT_ON,power on the lights,power on the lights,reverb,train,/mnt/jfs_hpc/home/ron.andrei.soriano/sandbox/VCM-v2/data_new/wavs/reverb/LIGHT_ON/power on the lights.wav
power on the lights 1.wav,LIGHT_ON,power on the lights,power on the lights,pitch_up,train,/mnt/jfs_hpc/home/ron.andrei.soriano/sandbox/VCM-v2/data_new/wavs/pitch_up/LIGHT_ON/power on the lights.wav
power on the lights 1.wav,LIGHT_ON,power on the lights,power on the lights,pitch_down,train,/mnt/jfs_hpc/home/ron.andrei.soriano/sandbox/VCM-v2/data_new/wavs/pitch_down/LIGHT_ON/power on the lights.wav
power on the lights 1.wav,LIGHT_ON,power on the lights,power on the lights,stretch,train,/mnt/jfs_hpc/home/ron.andrei.soriano/sandbox/VCM-v2/data_new/wavs/stretch/LIGHT_ON/power on the lights.wav
power on the lights 2.wav,LIGHT_ON,power on the lights,power on the lights,clean,val,/mnt/jfs_hpc/home/ron.andrei.soriano/sandbox/VCM-v2/data_new/wavs/clean/LIGHT_ON/power on the lights.wav
power on the lights 2.wav,LIGHT_ON,power on the lights,power on the lights,hp80,train,/mnt/jfs_hpc/home/ron.andrei.soriano/sandbox/VCM-v2/data_new/wavs/hp80/LIGHT_ON/power on the lights.wav
power on the lights 2.wav,LIGHT_ON,power on the lights,power on the lights,rumble,train,/mnt/jfs_hpc/home/ron.andrei.soriano/sandbox/VCM-v2/data_new/wavs/rumble/LIGHT_ON/power on the lights.wav
power on the lights 2.wav,LIGHT_ON,power on the lights,power on the lights,white,train,/mnt/jfs_hpc/home/ron.andrei.soriano/sandbox/VCM-v2/data_new/wavs/white/LIGHT_ON/power on the lights.wav
power on the lights 2.wav,LIGHT_ON,power on the lights,power on the lights,babble,train,/mnt/jfs_hpc/home/ron.andrei.soriano/sandbox/VCM-v2/data_new/wavs/babble/LIGHT_ON/power on the lights.wav
power on the lights 2.wav,LIGHT_ON,power on the lights,power on the lights,reverb,train,/mnt/jfs_hpc/home/ron.andrei.soriano/sandbox/VCM-v2/data_new/wavs/reverb/LIGHT_ON/power on the lights.wav
power on the lights 2.wav,LIGHT_ON,power on the lights,power on the lights,pitch_up,train,/mnt/jfs_hpc/home/ron.andrei.soriano/sandbox/VCM-v2/data_new/wavs/pitch_up/LIGHT_ON/power on the lights.wav
power on the lights 2.wav,LIGHT_ON,power on the lights,power on the lights,pitch_down,train,/mnt/jfs_hpc/home/ron.andrei.soriano/sandbox/VCM-v2/data_new/wavs/pitch_down/LIGHT_ON/power on the lights.wav
power on the lights 2.wav,LIGHT_ON,power on the lights,power on the lights,stretch,train,/mnt/jfs_hpc/home/ron.andrei.soriano/sandbox/VCM-v2/data_new/wavs/stretch/LIGHT_ON/power on the lights.wav
power on the lights 3.wav,LIGHT_ON,power on the lights,power on the lights,clean,val,/mnt/jfs_hpc/home/ron.andrei.soriano/sandbox/VCM-v2/data_new/wavs/clean/LIGHT_ON/power on the lights.wav
power on the lights 3.wav,LIGHT_ON,power on the lights,power on the lights,hp80,train,/mnt/jfs_hpc/home/ron.andrei.soriano/sandbox/VCM-v2/data_new/wavs/hp80/LIGHT_ON/power on the lights.wav
power on the lights 3.wav,LIGHT_ON,power on the lights,power on the lights,rumble,train,/mnt/jfs_hpc/home/ron.andrei.soriano/sandbox/VCM-v2/data_new/wavs/rumble/LIGHT_ON/power on the lights.wav
power on the lights 3.wav,LIGHT_ON,power on the lights,power on the lights,white,train,/mnt/jfs_hpc/home/ron.andrei.soriano/sandbox/VCM-v2/data_new/wavs/white/LIGHT_ON/power on the lights.wav
power on the lights 3.wav,LIGHT_ON,power on the lights,power on the lights,babble,train,/mnt/jfs_hpc/home/ron.andrei.soriano/sandbox/VCM-v2/data_new/wavs/babble/LIGHT_ON/power on the lights.wav
power on the lights 3.wav,LIGHT_ON,power on the lights,power on the lights,reverb,train,/mnt/jfs_hpc/home/ron.andrei.soriano/sandbox/VCM-v2/data_new/wavs/reverb/LIGHT_ON/power on the lights.wav
power on the lights 3.wav,LIGHT_ON,power on the lights,power on the lights,pitch_up,train,/mnt/jfs_hpc/home/ron.andrei.soriano/sandbox/VCM-v2/data_new/wavs/pitch_up/LIGHT_ON/power on the lights.wav
power on the lights 3.wav,LIGHT_ON,power on the lights,power on the lights,pitch_down,train,/mnt/jfs_hpc/home/ron.andrei.soriano/sandbox/VCM-v2/data_new/wavs/pitch_down/LIGHT_ON/power on the lights.wav
power on the lights 3.wav,LIGHT_ON,power on the lights,power on the lights,stretch,train,/mnt/jfs_hpc/home/ron.andrei.soriano/sandbox/VCM-v2/data_new/wavs/stretch/LIGHT_ON/power on the lights.wav
turn on the lights 1.wav,LIGHT_ON,turn on the lights,turn on the lights,clean,val,/mnt/jfs_hpc/home/ron.andrei.soriano/sandbox/VCM-v2/data_new/wavs/clean/LIGHT_ON/turn on the lights.wav
turn on the lights 1.wav,LIGHT_ON,turn on the lights,turn on the lights,hp80,train,/mnt/jfs_hpc/home/ron.andrei.soriano/sandbox/VCM-v2/data_new/wavs/hp80/LIGHT_ON/turn on the lights.wav
turn on the lights 1.wav,LIGHT_ON,turn on the lights,turn on the lights,rumble,train,/mnt/jfs_hpc/home/ron.andrei.soriano/sandbox/VCM-v2/data_new/wavs/rumble/LIGHT_ON/turn on the lights.wav
turn on the lights 1.wav,LIGHT_ON,turn on the lights,turn on the lights,white,train,/mnt/jfs_hpc/home/ron.andrei.soriano/sandbox/VCM-v2/data_new/wavs/white/LIGHT_ON/turn on the lights.wav
turn on the lights 1.wav,LIGHT_ON,turn on the lights,turn on the lights,babble,train,/mnt/jfs_hpc/home/ron.andrei.soriano/sandbox/VCM-v2/data_new/wavs/babble/LIGHT_ON/turn on the lights.wav
turn on the lights 1.wav,LIGHT_ON,turn on the lights,turn on the lights,reverb,train,/mnt/jfs_hpc/home/ron.andrei.soriano/sandbox/VCM-v2/data_new/wavs/reverb/LIGHT_ON/turn on the lights.wav
turn on the lights 1.wav,LIGHT_ON,turn on the lights,turn on the lights,pitch_up,train,/mnt/jfs_hpc/home/ron.andrei.soriano/sandbox/VCM-v2/data_new/wavs/pitch_up/LIGHT_ON/turn on the lights.wav
turn on the lights 1.wav,LIGHT_ON,turn on the lights,turn on the lights,pitch_down,train,/mnt/jfs_hpc/home/ron.andrei.soriano/sandbox/VCM-v2/data_new/wavs/pitch_down/LIGHT_ON/turn on the lights.wav
turn on the lights 1.wav,LIGHT_ON,turn on the lights,turn on the lights,stretch,train,/mnt/jfs_hpc/home/ron.andrei.soriano/sandbox/VCM-v2/data_new/wavs/stretch/LIGHT_ON/turn on the lights.wav
turn on the lights 2.wav,LIGHT_ON,turn on the lights,turn on the lights,clean,val,/mnt/jfs_hpc/home/ron.andrei.soriano/sandbox/VCM-v2/data_new/wavs/clean/LIGHT_ON/turn on the lights.wav
turn on the lights 2.wav,LIGHT_ON,turn on the lights,turn on the lights,hp80,train,/mnt/jfs_hpc/home/ron.andrei.soriano/sandbox/VCM-v2/data_new/wavs/hp80/LIGHT_ON/turn on the lights.wav
turn on the lights 2.wav,LIGHT_ON,turn on the lights,turn on the lights,rumble,train,/mnt/jfs_hpc/home/ron.andrei.soriano/sandbox/VCM-v2/data_new/wavs/rumble/LIGHT_ON/turn on the lights.wav
turn on the lights 2.wav,LIGHT_ON,turn on the lights,turn on the lights,white,train,/mnt/jfs_hpc/home/ron.andrei.soriano/sandbox/VCM-v2/data_new/wavs/white/LIGHT_ON/turn on the lights.wav
turn on the lights 2.wav,LIGHT_ON,turn on the lights,turn on the lights,babble,train,/mnt/jfs_hpc/home/ron.andrei.soriano/sandbox/VCM-v2/data_new/wavs/babble/LIGHT_ON/turn on the lights.wav
turn on the lights 2.wav,LIGHT_ON,turn on the lights,turn on the lights,reverb,train,/mnt/jfs_hpc/home/ron.andrei.soriano/sandbox/VCM-v2/data_new/wavs/reverb/LIGHT_ON/turn on the lights.wav
turn on the lights 2.wav,LIGHT_ON,turn on the lights,turn on the lights,pitch_up,train,/mnt/jfs_hpc/home/ron.andrei.soriano/sandbox/VCM-v2/data_new/wavs/pitch_up/LIGHT_ON/turn on the lights.wav
turn on the lights 2.wav,LIGHT_ON,turn on the lights,turn on the lights,pitch_down,train,/mnt/jfs_hpc/home/ron.andrei.soriano/sandbox/VCM-v2/data_new/wavs/pitch_down/LIGHT_ON/turn on the lights.wav
turn on the lights 2.wav,LIGHT_ON,turn on the lights,turn on the lights,stretch,train,/mnt/jfs_hpc/home/ron.andrei.soriano/sandbox/VCM-v2/data_new/wavs/stretch/LIGHT_ON/turn on the lights.wav
turn on the lights 3.wav,LIGHT_ON,turn on the lights,turn on the lights,clean,val,/mnt/jfs_hpc/home/ron.andrei.soriano/sandbox/VCM-v2/data_new/wavs/clean/LIGHT_ON/turn on the lights.wav
turn on the lights 3.wav,LIGHT_ON,turn on the lights,turn on the lights,hp80,train,/mnt/jfs_hpc/home/ron.andrei.soriano/sandbox/VCM-v2/data_new/wavs/hp80/LIGHT_ON/turn on the lights.wav
turn on the lights 3.wav,LIGHT_ON,turn on the lights,turn on the lights,rumble,train,/mnt/jfs_hpc/home/ron.andrei.soriano/sandbox/VCM-v2/data_new/wavs/rumble/LIGHT_ON/turn on the lights.wav
turn on the lights 3.wav,LIGHT_ON,turn on the lights,turn on the lights,white,train,/mnt/jfs_hpc/home/ron.andrei.soriano/sandbox/VCM-v2/data_new/wavs/white/LIGHT_ON/turn on the lights.wav
turn on the lights 3.wav,LIGHT_ON,turn on the lights,turn on the lights,babble,train,/mnt/jfs_hpc/home/ron.andrei.soriano/sandbox/VCM-v2/data_new/wavs/babble/LIGHT_ON/turn on the lights.wav
turn on the lights 3.wav,LIGHT_ON,turn on the lights,turn on the lights,reverb,train,/mnt/jfs_hpc/home/ron.andrei.soriano/sandbox/VCM-v2/data_new/wavs/reverb/LIGHT_ON/turn on the lights.wav
turn on the lights 3.wav,LIGHT_ON,turn on the lights,turn on the lights,pitch_up,train,/mnt/jfs_hpc/home/ron.andrei.soriano/sandbox/VCM-v2/data_new/wavs/pitch_up/LIGHT_ON/turn on the lights.wav
turn on the lights 3.wav,LIGHT_ON,turn on the lights,turn on the lights,pitch_down,train,/mnt/jfs_hpc/home/ron.andrei.soriano/sandbox/VCM-v2/data_new/wavs/pitch_down/LIGHT_ON/turn on the lights.wav
turn on the lights 3.wav,LIGHT_ON,turn on the lights,turn on the lights,stretch,train,/mnt/jfs_hpc/home/ron.andrei.soriano/sandbox/VCM-v2/data_new/wavs/stretch/LIGHT_ON/turn on the lights.wav
list my reminders 1.wav,LIST_REMINDERS,list my reminders,list my reminders,clean,val,/mnt/jfs_hpc/home/ron.andrei.soriano/sandbox/VCM-v2/data_new/wavs/clean/LIST_REMINDERS/list my reminders.wav
list my reminders 1.wav,LIST_REMINDERS,list my reminders,list my reminders,hp80,train,/mnt/jfs_hpc/home/ron.andrei.soriano/sandbox/VCM-v2/data_new/wavs/hp80/LIST_REMINDERS/list my reminders.wav
list my reminders 1.wav,LIST_REMINDERS,list my reminders,list my reminders,rumble,train,/mnt/jfs_hpc/home/ron.andrei.soriano/sandbox/VCM-v2/data_new/wavs/rumble/LIST_REMINDERS/list my reminders.wav
list my reminders 1.wav,LIST_REMINDERS,list my reminders,list my reminders,white,train,/mnt/jfs_hpc/home/ron.andrei.soriano/sandbox/VCM-v2/data_new/wavs/white/LIST_REMINDERS/list my reminders.wav
list my reminders 1.wav,LIST_REMINDERS,list my reminders,list my reminders,babble,train,/mnt/jfs_hpc/home/ron.andrei.soriano/sandbox/VCM-v2/data_new/wavs/babble/LIST_REMINDERS/list my reminders.wav
list my reminders 1.wav,LIST_REMINDERS,list my reminders,list my reminders,reverb,train,/mnt/jfs_hpc/home/ron.andrei.soriano/sandbox/VCM-v2/data_new/wavs/reverb/LIST_REMINDERS/list my reminders.wav
list my reminders 1.wav,LIST_REMINDERS,list my reminders,list my reminders,pitch_up,train,/mnt/jfs_hpc/home/ron.andrei.soriano/sandbox/VCM-v2/data_new/wavs/pitch_up/LIST_REMINDERS/list my reminders.wav
list my reminders 1.wav,LIST_REMINDERS,list my reminders,list my reminders,pitch_down,train,/mnt/jfs_hpc/home/ron.andrei.soriano/sandbox/VCM-v2/data_new/wavs/pitch_down/LIST_REMINDERS/list my reminders.wav
list my reminders 1.wav,LIST_REMINDERS,list my reminders,list my reminders,stretch,train,/mnt/jfs_hpc/home/ron.andrei.soriano/sandbox/VCM-v2/data_new/wavs/stretch/LIST_REMINDERS/list my reminders.wav
list my reminders 2.wav,LIST_REMINDERS,list my reminders,list my reminders,clean,val,/mnt/jfs_hpc/home/ron.andrei.soriano/sandbox/VCM-v2/data_new/wavs/clean/LIST_REMINDERS/list my reminders.wav
list my reminders 2.wav,LIST_REMINDERS,list my reminders,list my reminders,hp80,train,/mnt/jfs_hpc/home/ron.andrei.soriano/sandbox/VCM-v2/data_new/wavs/hp80/LIST_REMINDERS/list my reminders.wav
list my reminders 2.wav,LIST_REMINDERS,list my reminders,list my reminders,rumble,train,/mnt/jfs_hpc/home/ron.andrei.soriano/sandbox/VCM-v2/data_new/wavs/rumble/LIST_REMINDERS/list my reminders.wav
list my reminders 2.wav,LIST_REMINDERS,list my reminders,list my reminders,white,train,/mnt/jfs_hpc/home/ron.andrei.soriano/sandbox/VCM-v2/data_new/wavs/white/LIST_REMINDERS/list my reminders.wav
list my reminders 2.wav,LIST_REMINDERS,list my reminders,list my reminders,babble,train,/mnt/jfs_hpc/home/ron.andrei.soriano/sandbox/VCM-v2/data_new/wavs/babble/LIST_REMINDERS/list my reminders.wav
list my reminders 2.wav,LIST_REMINDERS,list my reminders,list my reminders,reverb,train,/mnt/jfs_hpc/home/ron.andrei.soriano/sandbox/VCM-v2/data_new/wavs/reverb/LIST_REMINDERS/list my reminders.wav
list my reminders 2.wav,LIST_REMINDERS,list my reminders,list my reminders,pitch_up,train,/mnt/jfs_hpc/home/ron.andrei.soriano/sandbox/VCM-v2/data_new/wavs/pitch_up/LIST_REMINDERS/list my reminders.wav
list my reminders 2.wav,LIST_REMINDERS,list my reminders,list my reminders,pitch_down,train,/mnt/jfs_hpc/home/ron.andrei.soriano/sandbox/VCM-v2/data_new/wavs/pitch_down/LIST_REMINDERS/list my reminders.wav
list my reminders 2.wav,LIST_REMINDERS,list my reminders,list my reminders,stretch,train,/mnt/jfs_hpc/home/ron.andrei.soriano/sandbox/VCM-v2/data_new/wavs/stretch/LIST_REMINDERS/list my reminders.wav
list my reminders 3.wav,LIST_REMINDERS,list my reminders,list my reminders,clean,val,/mnt/jfs_hpc/home/ron.andrei.soriano/sandbox/VCM-v2/data_new/wavs/clean/LIST_REMINDERS/list my reminders.wav
list my reminders 3.wav,LIST_REMINDERS,list my reminders,list my reminders,hp80,train,/mnt/jfs_hpc/home/ron.andrei.soriano/sandbox/VCM-v2/data_new/wavs/hp80/LIST_REMINDERS/list my reminders.wav
list my reminders 3.wav,LIST_REMINDERS,list my reminders,list my reminders,rumble,train,/mnt/jfs_hpc/home/ron.andrei.soriano/sandbox/VCM-v2/data_new/wavs/rumble/LIST_REMINDERS/list my reminders.wav
list my reminders 3.wav,LIST_REMINDERS,list my reminders,list my reminders,white,train,/mnt/jfs_hpc/home/ron.andrei.soriano/sandbox/VCM-v2/data_new/wavs/white/LIST_REMINDERS/list my reminders.wav
list my reminders 3.wav,LIST_REMINDERS,list my reminders,list my reminders,babble,train,/mnt/jfs_hpc/home/ron.andrei.soriano/sandbox/VCM-v2/data_new/wavs/babble/LIST_REMINDERS/list my reminders.wav
list my reminders 3.wav,LIST_REMINDERS,list my reminders,list my reminders,reverb,train,/mnt/jfs_hpc/home/ron.andrei.soriano/sandbox/VCM-v2/data_new/wavs/reverb/LIST_REMINDERS/list my reminders.wav
list my reminders 3.wav,LIST_REMINDERS,list my reminders,list my reminders,pitch_up,train,/mnt/jfs_hpc/home/ron.andrei.soriano/sandbox/VCM-v2/data_new/wavs/pitch_up/LIST_REMINDERS/list my reminders.wav
list my reminders 3.wav,LIST_REMINDERS,list my reminders,list my reminders,pitch_down,train,/mnt/jfs_hpc/home/ron.andrei.soriano/sandbox/VCM-v2/data_new/wavs/pitch_down/LIST_REMINDERS/list my reminders.wav
list my reminders 3.wav,LIST_REMINDERS,list my reminders,list my reminders,stretch,train,/mnt/jfs_hpc/home/ron.andrei.soriano/sandbox/VCM-v2/data_new/wavs/stretch/LIST_REMINDERS/list my reminders.wav
reminders 1.wav,LIST_REMINDERS,reminders,reminders,clean,val,/mnt/jfs_hpc/home/ron.andrei.soriano/sandbox/VCM-v2/data_new/wavs/clean/LIST_REMINDERS/reminders.wav
reminders 1.wav,LIST_REMINDERS,reminders,reminders,hp80,train,/mnt/jfs_hpc/home/ron.andrei.soriano/sandbox/VCM-v2/data_new/wavs/hp80/LIST_REMINDERS/reminders.wav
reminders 1.wav,LIST_REMINDERS,reminders,reminders,rumble,train,/mnt/jfs_hpc/home/ron.andrei.soriano/sandbox/VCM-v2/data_new/wavs/rumble/LIST_REMINDERS/reminders.wav
reminders 1.wav,LIST_REMINDERS,reminders,reminders,white,train,/mnt/jfs_hpc/home/ron.andrei.soriano/sandbox/VCM-v2/data_new/wavs/white/LIST_REMINDERS/reminders.wav
reminders 1.wav,LIST_REMINDERS,reminders,reminders,babble,train,/mnt/jfs_hpc/home/ron.andrei.soriano/sandbox/VCM-v2/data_new/wavs/babble/LIST_REMINDERS/reminders.wav
reminders 1.wav,LIST_REMINDERS,reminders,reminders,reverb,train,/mnt/jfs_hpc/home/ron.andrei.soriano/sandbox/VCM-v2/data_new/wavs/reverb/LIST_REMINDERS/reminders.wav
reminders 1.wav,LIST_REMINDERS,reminders,reminders,pitch_up,train,/mnt/jfs_hpc/home/ron.andrei.soriano/sandbox/VCM-v2/data_new/wavs/pitch_up/LIST_REMINDERS/reminders.wav
reminders 1.wav,LIST_REMINDERS,reminders,reminders,pitch_down,train,/mnt/jfs_hpc/home/ron.andrei.soriano/sandbox/VCM-v2/data_new/wavs/pitch_down/LIST_REMINDERS/reminders.wav
reminders 1.wav,LIST_REMINDERS,reminders,reminders,stretch,train,/mnt/jfs_hpc/home/ron.andrei.soriano/sandbox/VCM-v2/data_new/wavs/stretch/LIST_REMINDERS/reminders.wav
reminders 2.wav,LIST_REMINDERS,reminders,reminders,clean,val,/mnt/jfs_hpc/home/ron.andrei.soriano/sandbox/VCM-v2/data_new/wavs/clean/LIST_REMINDERS/reminders.wav
reminders 2.wav,LIST_REMINDERS,reminders,reminders,hp80,train,/mnt/jfs_hpc/home/ron.andrei.soriano/sandbox/VCM-v2/data_new/wavs/hp80/LIST_REMINDERS/reminders.wav
reminders 2.wav,LIST_REMINDERS,reminders,reminders,rumble,train,/mnt/jfs_hpc/home/ron.andrei.soriano/sandbox/VCM-v2/data_new/wavs/rumble/LIST_REMINDERS/reminders.wav
reminders 2.wav,LIST_REMINDERS,reminders,reminders,white,train,/mnt/jfs_hpc/home/ron.andrei.soriano/sandbox/VCM-v2/data_new/wavs/white/LIST_REMINDERS/reminders.wav
reminders 2.wav,LIST_REMINDERS,reminders,reminders,babble,train,/mnt/jfs_hpc/home/ron.andrei.soriano/sandbox/VCM-v2/data_new/wavs/babble/LIST_REMINDERS/reminders.wav
reminders 2.wav,LIST_REMINDERS,reminders,reminders,reverb,train,/mnt/jfs_hpc/home/ron.andrei.soriano/sandbox/VCM-v2/data_new/wavs/reverb/LIST_REMINDERS/reminders.wav
reminders 2.wav,LIST_REMINDERS,reminders,reminders,pitch_up,train,/mnt/jfs_hpc/home/ron.andrei.soriano/sandbox/VCM-v2/data_new/wavs/pitch_up/LIST_REMINDERS/reminders.wav
reminders 2.wav,LIST_REMINDERS,reminders,reminders,pitch_down,train,/mnt/jfs_hpc/home/ron.andrei.soriano/sandbox/VCM-v2/data_new/wavs/pitch_down/LIST_REMINDERS/reminders.wav
reminders 2.wav,LIST_REMINDERS,reminders,reminders,stretch,train,/mnt/jfs_hpc/home/ron.andrei.soriano/sandbox/VCM-v2/data_new/wavs/stretch/LIST_REMINDERS/reminders.wav
reminders 3.wav,LIST_REMINDERS,reminders,reminders,clean,val,/mnt/jfs_hpc/home/ron.andrei.soriano/sandbox/VCM-v2/data_new/wavs/clean/LIST_REMINDERS/reminders.wav
reminders 3.wav,LIST_REMINDERS,reminders,reminders,hp80,train,/mnt/jfs_hpc/home/ron.andrei.soriano/sandbox/VCM-v2/data_new/wavs/hp80/LIST_REMINDERS/reminders.wav
reminders 3.wav,LIST_REMINDERS,reminders,reminders,rumble,train,/mnt/jfs_hpc/home/ron.andrei.soriano/sandbox/VCM-v2/data_new/wavs/rumble/LIST_REMINDERS/reminders.wav
reminders 3.wav,LIST_REMINDERS,reminders,reminders,white,train,/mnt/jfs_hpc/home/ron.andrei.soriano/sandbox/VCM-v2/data_new/wavs/white/LIST_REMINDERS/reminders.wav
reminders 3.wav,LIST_REMINDERS,reminders,reminders,babble,train,/mnt/jfs_hpc/home/ron.andrei.soriano/sandbox/VCM-v2/data_new/wavs/babble/LIST_REMINDERS/reminders.wav
reminders 3.wav,LIST_REMINDERS,reminders,reminders,reverb,train,/mnt/jfs_hpc/home/ron.andrei.soriano/sandbox/VCM-v2/data_new/wavs/reverb/LIST_REMINDERS/reminders.wav
reminders 3.wav,LIST_REMINDERS,reminders,reminders,pitch_up,train,/mnt/jfs_hpc/home/ron.andrei.soriano/sandbox/VCM-v2/data_new/wavs/pitch_up/LIST_REMINDERS/reminders.wav
reminders 3.wav,LIST_REMINDERS,reminders,reminders,pitch_down,train,/mnt/jfs_hpc/home/ron.andrei.soriano/sandbox/VCM-v2/data_new/wavs/pitch_down/LIST_REMINDERS/reminders.wav
reminders 3.wav,LIST_REMINDERS,reminders,reminders,stretch,train,/mnt/jfs_hpc/home/ron.andrei.soriano/sandbox/VCM-v2/data_new/wavs/stretch/LIST_REMINDERS/reminders.wav
show my reminders 1.wav,LIST_REMINDERS,show my reminders,show my reminders,clean,val,/mnt/jfs_hpc/home/ron.andrei.soriano/sandbox/VCM-v2/data_new/wavs/clean/LIST_REMINDERS/show my reminders.wav
show my reminders 1.wav,LIST_REMINDERS,show my reminders,show my reminders,hp80,train,/mnt/jfs_hpc/home/ron.andrei.soriano/sandbox/VCM-v2/data_new/wavs/hp80/LIST_REMINDERS/show my reminders.wav
show my reminders 1.wav,LIST_REMINDERS,show my reminders,show my reminders,rumble,train,/mnt/jfs_hpc/home/ron.andrei.soriano/sandbox/VCM-v2/data_new/wavs/rumble/LIST_REMINDERS/show my reminders.wav
show my reminders 1.wav,LIST_REMINDERS,show my reminders,show my reminders,white,train,/mnt/jfs_hpc/home/ron.andrei.soriano/sandbox/VCM-v2/data_new/wavs/white/LIST_REMINDERS/show my reminders.wav
show my reminders 1.wav,LIST_REMINDERS,show my reminders,show my reminders,babble,train,/mnt/jfs_hpc/home/ron.andrei.soriano/sandbox/VCM-v2/data_new/wavs/babble/LIST_REMINDERS/show my reminders.wav
show my reminders 1.wav,LIST_REMINDERS,show my reminders,show my reminders,reverb,train,/mnt/jfs_hpc/home/ron.andrei.soriano/sandbox/VCM-v2/data_new/wavs/reverb/LIST_REMINDERS/show my reminders.wav
show my reminders 1.wav,LIST_REMINDERS,show my reminders,show my reminders,pitch_up,train,/mnt/jfs_hpc/home/ron.andrei.soriano/sandbox/VCM-v2/data_new/wavs/pitch_up/LIST_REMINDERS/show my reminders.wav
show my reminders 1.wav,LIST_REMINDERS,show my reminders,show my reminders,pitch_down,train,/mnt/jfs_hpc/home/ron.andrei.soriano/sandbox/VCM-v2/data_new/wavs/pitch_down/LIST_REMINDERS/show my reminders.wav
show my reminders 1.wav,LIST_REMINDERS,show my reminders,show my reminders,stretch,train,/mnt/jfs_hpc/home/ron.andrei.soriano/sandbox/VCM-v2/data_new/wavs/stretch/LIST_REMINDERS/show my reminders.wav
show my reminders 2.wav,LIST_REMINDERS,show my reminders,show my reminders,clean,val,/mnt/jfs_hpc/home/ron.andrei.soriano/sandbox/VCM-v2/data_new/wavs/clean/LIST_REMINDERS/show my reminders.wav
show my reminders 2.wav,LIST_REMINDERS,show my reminders,show my reminders,hp80,train,/mnt/jfs_hpc/home/ron.andrei.soriano/sandbox/VCM-v2/data_new/wavs/hp80/LIST_REMINDERS/show my reminders.wav
show my reminders 2.wav,LIST_REMINDERS,show my reminders,show my reminders,rumble,train,/mnt/jfs_hpc/home/ron.andrei.soriano/sandbox/VCM-v2/data_new/wavs/rumble/LIST_REMINDERS/show my reminders.wav
show my reminders 2.wav,LIST_REMINDERS,show my reminders,show my reminders,white,train,/mnt/jfs_hpc/home/ron.andrei.soriano/sandbox/VCM-v2/data_new/wavs/white/LIST_REMINDERS/show my reminders.wav
show my reminders 2.wav,LIST_REMINDERS,show my reminders,show my reminders,babble,train,/mnt/jfs_hpc/home/ron.andrei.soriano/sandbox/VCM-v2/data_new/wavs/babble/LIST_REMINDERS/show my reminders.wav
show my reminders 2.wav,LIST_REMINDERS,show my reminders,show my reminders,reverb,train,/mnt/jfs_hpc/home/ron.andrei.soriano/sandbox/VCM-v2/data_new/wavs/reverb/LIST_REMINDERS/show my reminders.wav
show my reminders 2.wav,LIST_REMINDERS,show my reminders,show my reminders,pitch_up,train,/mnt/jfs_hpc/home/ron.andrei.soriano/sandbox/VCM-v2/data_new/wavs/pitch_up/LIST_REMINDERS/show my reminders.wav
show my reminders 2.wav,LIST_REMINDERS,show my reminders,show my reminders,pitch_down,train,/mnt/jfs_hpc/home/ron.andrei.soriano/sandbox/VCM-v2/data_new/wavs/pitch_down/LIST_REMINDERS/show my reminders.wav
show my reminders 2.wav,LIST_REMINDERS,show my reminders,show my reminders,stretch,train,/mnt/jfs_hpc/home/ron.andrei.soriano/sandbox/VCM-v2/data_new/wavs/stretch/LIST_REMINDERS/show my reminders.wav
show my reminders 3.wav,LIST_REMINDERS,show my reminders,show my reminders,clean,val,/mnt/jfs_hpc/home/ron.andrei.soriano/sandbox/VCM-v2/data_new/wavs/clean/LIST_REMINDERS/show my reminders.wav
show my reminders 3.wav,LIST_REMINDERS,show my reminders,show my reminders,hp80,train,/mnt/jfs_hpc/home/ron.andrei.soriano/sandbox/VCM-v2/data_new/wavs/hp80/LIST_REMINDERS/show my reminders.wav
show my reminders 3.wav,LIST_REMINDERS,show my reminders,show my reminders,rumble,train,/mnt/jfs_hpc/home/ron.andrei.soriano/sandbox/VCM-v2/data_new/wavs/rumble/LIST_REMINDERS/show my reminders.wav
show my reminders 3.wav,LIST_REMINDERS,show my reminders,show my reminders,white,train,/mnt/jfs_hpc/home/ron.andrei.soriano/sandbox/VCM-v2/data_new/wavs/white/LIST_REMINDERS/show my reminders.wav
show my reminders 3.wav,LIST_REMINDERS,show my reminders,show my reminders,babble,train,/mnt/jfs_hpc/home/ron.andrei.soriano/sandbox/VCM-v2/data_new/wavs/babble/LIST_REMINDERS/show my reminders.wav
show my reminders 3.wav,LIST_REMINDERS,show my reminders,show my reminders,reverb,train,/mnt/jfs_hpc/home/ron.andrei.soriano/sandbox/VCM-v2/data_new/wavs/reverb/LIST_REMINDERS/show my reminders.wav
show my reminders 3.wav,LIST_REMINDERS,show my reminders,show my reminders,pitch_up,train,/mnt/jfs_hpc/home/ron.andrei.soriano/sandbox/VCM-v2/data_new/wavs/pitch_up/LIST_REMINDERS/show my reminders.wav
show my reminders 3.wav,LIST_REMINDERS,show my reminders,show my reminders,pitch_down,train,/mnt/jfs_hpc/home/ron.andrei.soriano/sandbox/VCM-v2/data_new/wavs/pitch_down/LIST_REMINDERS/show my reminders.wav
show my reminders 3.wav,LIST_REMINDERS,show my reminders,show my reminders,stretch,train,/mnt/jfs_hpc/home/ron.andrei.soriano/sandbox/VCM-v2/data_new/wavs/stretch/LIST_REMINDERS/show my reminders.wav
message 1.wav,MESSAGE,message,message,clean,val,/mnt/jfs_hpc/home/ron.andrei.soriano/sandbox/VCM-v2/data_new/wavs/clean/MESSAGE/message.wav
message 1.wav,MESSAGE,message,message,hp80,train,/mnt/jfs_hpc/home/ron.andrei.soriano/sandbox/VCM-v2/data_new/wavs/hp80/MESSAGE/message.wav
message 1.wav,MESSAGE,message,message,rumble,train,/mnt/jfs_hpc/home/ron.andrei.soriano/sandbox/VCM-v2/data_new/wavs/rumble/MESSAGE/message.wav
message 1.wav,MESSAGE,message,message,white,train,/mnt/jfs_hpc/home/ron.andrei.soriano/sandbox/VCM-v2/data_new/wavs/white/MESSAGE/message.wav
message 1.wav,MESSAGE,message,message,babble,train,/mnt/jfs_hpc/home/ron.andrei.soriano/sandbox/VCM-v2/data_new/wavs/babble/MESSAGE/message.wav
message 1.wav,MESSAGE,message,message,reverb,train,/mnt/jfs_hpc/home/ron.andrei.soriano/sandbox/VCM-v2/data_new/wavs/reverb/MESSAGE/message.wav
message 1.wav,MESSAGE,message,message,pitch_up,train,/mnt/jfs_hpc/home/ron.andrei.soriano/sandbox/VCM-v2/data_new/wavs/pitch_up/MESSAGE/message.wav
message 1.wav,MESSAGE,message,message,pitch_down,train,/mnt/jfs_hpc/home/ron.andrei.soriano/sandbox/VCM-v2/data_new/wavs/pitch_down/MESSAGE/message.wav
message 1.wav,MESSAGE,message,message,stretch,train,/mnt/jfs_hpc/home/ron.andrei.soriano/sandbox/VCM-v2/data_new/wavs/stretch/MESSAGE/message.wav
message 2.wav,MESSAGE,message,message,clean,val,/mnt/jfs_hpc/home/ron.andrei.soriano/sandbox/VCM-v2/data_new/wavs/clean/MESSAGE/message.wav
message 2.wav,MESSAGE,message,message,hp80,train,/mnt/jfs_hpc/home/ron.andrei.soriano/sandbox/VCM-v2/data_new/wavs/hp80/MESSAGE/message.wav
message 2.wav,MESSAGE,message,message,rumble,train,/mnt/jfs_hpc/home/ron.andrei.soriano/sandbox/VCM-v2/data_new/wavs/rumble/MESSAGE/message.wav
message 2.wav,MESSAGE,message,message,white,train,/mnt/jfs_hpc/home/ron.andrei.soriano/sandbox/VCM-v2/data_new/wavs/white/MESSAGE/message.wav
message 2.wav,MESSAGE,message,message,babble,train,/mnt/jfs_hpc/home/ron.andrei.soriano/sandbox/VCM-v2/data_new/wavs/babble/MESSAGE/message.wav
message 2.wav,MESSAGE,message,message,reverb,train,/mnt/jfs_hpc/home/ron.andrei.soriano/sandbox/VCM-v2/data_new/wavs/reverb/MESSAGE/message.wav
message 2.wav,MESSAGE,message,message,pitch_up,train,/mnt/jfs_hpc/home/ron.andrei.soriano/sandbox/VCM-v2/data_new/wavs/pitch_up/MESSAGE/message.wav
message 2.wav,MESSAGE,message,message,pitch_down,train,/mnt/jfs_hpc/home/ron.andrei.soriano/sandbox/VCM-v2/data_new/wavs/pitch_down/MESSAGE/message.wav
message 2.wav,MESSAGE,message,message,stretch,train,/mnt/jfs_hpc/home/ron.andrei.soriano/sandbox/VCM-v2/data_new/wavs/stretch/MESSAGE/message.wav
message 3.wav,MESSAGE,message,message,clean,val,/mnt/jfs_hpc/home/ron.andrei.soriano/sandbox/VCM-v2/data_new/wavs/clean/MESSAGE/message.wav
message 3.wav,MESSAGE,message,message,hp80,train,/mnt/jfs_hpc/home/ron.andrei.soriano/sandbox/VCM-v2/data_new/wavs/hp80/MESSAGE/message.wav
message 3.wav,MESSAGE,message,message,rumble,train,/mnt/jfs_hpc/home/ron.andrei.soriano/sandbox/VCM-v2/data_new/wavs/rumble/MESSAGE/message.wav
message 3.wav,MESSAGE,message,message,white,train,/mnt/jfs_hpc/home/ron.andrei.soriano/sandbox/VCM-v2/data_new/wavs/white/MESSAGE/message.wav
message 3.wav,MESSAGE,message,message,babble,train,/mnt/jfs_hpc/home/ron.andrei.soriano/sandbox/VCM-v2/data_new/wavs/babble/MESSAGE/message.wav
message 3.wav,MESSAGE,message,message,reverb,train,/mnt/jfs_hpc/home/ron.andrei.soriano/sandbox/VCM-v2/data_new/wavs/reverb/MESSAGE/message.wav
message 3.wav,MESSAGE,message,message,pitch_up,train,/mnt/jfs_hpc/home/ron.andrei.soriano/sandbox/VCM-v2/data_new/wavs/pitch_up/MESSAGE/message.wav
message 3.wav,MESSAGE,message,message,pitch_down,train,/mnt/jfs_hpc/home/ron.andrei.soriano/sandbox/VCM-v2/data_new/wavs/pitch_down/MESSAGE/message.wav
message 3.wav,MESSAGE,message,message,stretch,train,/mnt/jfs_hpc/home/ron.andrei.soriano/sandbox/VCM-v2/data_new/wavs/stretch/MESSAGE/message.wav
send a message 1.wav,MESSAGE,send a message,send a message,clean,val,/mnt/jfs_hpc/home/ron.andrei.soriano/sandbox/VCM-v2/data_new/wavs/clean/MESSAGE/send a message.wav
send a message 1.wav,MESSAGE,send a message,send a message,hp80,train,/mnt/jfs_hpc/home/ron.andrei.soriano/sandbox/VCM-v2/data_new/wavs/hp80/MESSAGE/send a message.wav
send a message 1.wav,MESSAGE,send a message,send a message,rumble,train,/mnt/jfs_hpc/home/ron.andrei.soriano/sandbox/VCM-v2/data_new/wavs/rumble/MESSAGE/send a message.wav
send a message 1.wav,MESSAGE,send a message,send a message,white,train,/mnt/jfs_hpc/home/ron.andrei.soriano/sandbox/VCM-v2/data_new/wavs/white/MESSAGE/send a message.wav
send a message 1.wav,MESSAGE,send a message,send a message,babble,train,/mnt/jfs_hpc/home/ron.andrei.soriano/sandbox/VCM-v2/data_new/wavs/babble/MESSAGE/send a message.wav
send a message 1.wav,MESSAGE,send a message,send a message,reverb,train,/mnt/jfs_hpc/home/ron.andrei.soriano/sandbox/VCM-v2/data_new/wavs/reverb/MESSAGE/send a message.wav
send a message 1.wav,MESSAGE,send a message,send a message,pitch_up,train,/mnt/jfs_hpc/home/ron.andrei.soriano/sandbox/VCM-v2/data_new/wavs/pitch_up/MESSAGE/send a message.wav
send a message 1.wav,MESSAGE,send a message,send a message,pitch_down,train,/mnt/jfs_hpc/home/ron.andrei.soriano/sandbox/VCM-v2/data_new/wavs/pitch_down/MESSAGE/send a message.wav
send a message 1.wav,MESSAGE,send a message,send a message,stretch,train,/mnt/jfs_hpc/home/ron.andrei.soriano/sandbox/VCM-v2/data_new/wavs/stretch/MESSAGE/send a message.wav
send a message 2.wav,MESSAGE,send a message,send a message,clean,val,/mnt/jfs_hpc/home/ron.andrei.soriano/sandbox/VCM-v2/data_new/wavs/clean/MESSAGE/send a message.wav
send a message 2.wav,MESSAGE,send a message,send a message,hp80,train,/mnt/jfs_hpc/home/ron.andrei.soriano/sandbox/VCM-v2/data_new/wavs/hp80/MESSAGE/send a message.wav
send a message 2.wav,MESSAGE,send a message,send a message,rumble,train,/mnt/jfs_hpc/home/ron.andrei.soriano/sandbox/VCM-v2/data_new/wavs/rumble/MESSAGE/send a message.wav
send a message 2.wav,MESSAGE,send a message,send a message,white,train,/mnt/jfs_hpc/home/ron.andrei.soriano/sandbox/VCM-v2/data_new/wavs/white/MESSAGE/send a message.wav
send a message 2.wav,MESSAGE,send a message,send a message,babble,train,/mnt/jfs_hpc/home/ron.andrei.soriano/sandbox/VCM-v2/data_new/wavs/babble/MESSAGE/send a message.wav
send a message 2.wav,MESSAGE,send a message,send a message,reverb,train,/mnt/jfs_hpc/home/ron.andrei.soriano/sandbox/VCM-v2/data_new/wavs/reverb/MESSAGE/send a message.wav
send a message 2.wav,MESSAGE,send a message,send a message,pitch_up,train,/mnt/jfs_hpc/home/ron.andrei.soriano/sandbox/VCM-v2/data_new/wavs/pitch_up/MESSAGE/send a message.wav
send a message 2.wav,MESSAGE,send a message,send a message,pitch_down,train,/mnt/jfs_hpc/home/ron.andrei.soriano/sandbox/VCM-v2/data_new/wavs/pitch_down/MESSAGE/send a message.wav
send a message 2.wav,MESSAGE,send a message,send a message,stretch,train,/mnt/jfs_hpc/home/ron.andrei.soriano/sandbox/VCM-v2/data_new/wavs/stretch/MESSAGE/send a message.wav
send a message 3.wav,MESSAGE,send a message,send a message,clean,val,/mnt/jfs_hpc/home/ron.andrei.soriano/sandbox/VCM-v2/data_new/wavs/clean/MESSAGE/send a message.wav
send a message 3.wav,MESSAGE,send a message,send a message,hp80,train,/mnt/jfs_hpc/home/ron.andrei.soriano/sandbox/VCM-v2/data_new/wavs/hp80/MESSAGE/send a message.wav
send a message 3.wav,MESSAGE,send a message,send a message,rumble,train,/mnt/jfs_hpc/home/ron.andrei.soriano/sandbox/VCM-v2/data_new/wavs/rumble/MESSAGE/send a message.wav
send a message 3.wav,MESSAGE,send a message,send a message,white,train,/mnt/jfs_hpc/home/ron.andrei.soriano/sandbox/VCM-v2/data_new/wavs/white/MESSAGE/send a message.wav
send a message 3.wav,MESSAGE,send a message,send a message,babble,train,/mnt/jfs_hpc/home/ron.andrei.soriano/sandbox/VCM-v2/data_new/wavs/babble/MESSAGE/send a message.wav
send a message 3.wav,MESSAGE,send a message,send a message,reverb,train,/mnt/jfs_hpc/home/ron.andrei.soriano/sandbox/VCM-v2/data_new/wavs/reverb/MESSAGE/send a message.wav
send a message 3.wav,MESSAGE,send a message,send a message,pitch_up,train,/mnt/jfs_hpc/home/ron.andrei.soriano/sandbox/VCM-v2/data_new/wavs/pitch_up/MESSAGE/send a message.wav
send a message 3.wav,MESSAGE,send a message,send a message,pitch_down,train,/mnt/jfs_hpc/home/ron.andrei.soriano/sandbox/VCM-v2/data_new/wavs/pitch_down/MESSAGE/send a message.wav
send a message 3.wav,MESSAGE,send a message,send a message,stretch,train,/mnt/jfs_hpc/home/ron.andrei.soriano/sandbox/VCM-v2/data_new/wavs/stretch/MESSAGE/send a message.wav
send my message 1.wav,MESSAGE,send my message,send my message,clean,val,/mnt/jfs_hpc/home/ron.andrei.soriano/sandbox/VCM-v2/data_new/wavs/clean/MESSAGE/send my message.wav
send my message 1.wav,MESSAGE,send my message,send my message,hp80,train,/mnt/jfs_hpc/home/ron.andrei.soriano/sandbox/VCM-v2/data_new/wavs/hp80/MESSAGE/send my message.wav
send my message 1.wav,MESSAGE,send my message,send my message,rumble,train,/mnt/jfs_hpc/home/ron.andrei.soriano/sandbox/VCM-v2/data_new/wavs/rumble/MESSAGE/send my message.wav
send my message 1.wav,MESSAGE,send my message,send my message,white,train,/mnt/jfs_hpc/home/ron.andrei.soriano/sandbox/VCM-v2/data_new/wavs/white/MESSAGE/send my message.wav
send my message 1.wav,MESSAGE,send my message,send my message,babble,train,/mnt/jfs_hpc/home/ron.andrei.soriano/sandbox/VCM-v2/data_new/wavs/babble/MESSAGE/send my message.wav
send my message 1.wav,MESSAGE,send my message,send my message,reverb,train,/mnt/jfs_hpc/home/ron.andrei.soriano/sandbox/VCM-v2/data_new/wavs/reverb/MESSAGE/send my message.wav
send my message 1.wav,MESSAGE,send my message,send my message,pitch_up,train,/mnt/jfs_hpc/home/ron.andrei.soriano/sandbox/VCM-v2/data_new/wavs/pitch_up/MESSAGE/send my message.wav
send my message 1.wav,MESSAGE,send my message,send my message,pitch_down,train,/mnt/jfs_hpc/home/ron.andrei.soriano/sandbox/VCM-v2/data_new/wavs/pitch_down/MESSAGE/send my message.wav
send my message 1.wav,MESSAGE,send my message,send my message,stretch,train,/mnt/jfs_hpc/home/ron.andrei.soriano/sandbox/VCM-v2/data_new/wavs/stretch/MESSAGE/send my message.wav
send my message 2.wav,MESSAGE,send my message,send my message,clean,val,/mnt/jfs_hpc/home/ron.andrei.soriano/sandbox/VCM-v2/data_new/wavs/clean/MESSAGE/send my message.wav
send my message 2.wav,MESSAGE,send my message,send my message,hp80,train,/mnt/jfs_hpc/home/ron.andrei.soriano/sandbox/VCM-v2/data_new/wavs/hp80/MESSAGE/send my message.wav
send my message 2.wav,MESSAGE,send my message,send my message,rumble,train,/mnt/jfs_hpc/home/ron.andrei.soriano/sandbox/VCM-v2/data_new/wavs/rumble/MESSAGE/send my message.wav
send my message 2.wav,MESSAGE,send my message,send my message,white,train,/mnt/jfs_hpc/home/ron.andrei.soriano/sandbox/VCM-v2/data_new/wavs/white/MESSAGE/send my message.wav
send my message 2.wav,MESSAGE,send my message,send my message,babble,train,/mnt/jfs_hpc/home/ron.andrei.soriano/sandbox/VCM-v2/data_new/wavs/babble/MESSAGE/send my message.wav
send my message 2.wav,MESSAGE,send my message,send my message,reverb,train,/mnt/jfs_hpc/home/ron.andrei.soriano/sandbox/VCM-v2/data_new/wavs/reverb/MESSAGE/send my message.wav
send my message 2.wav,MESSAGE,send my message,send my message,pitch_up,train,/mnt/jfs_hpc/home/ron.andrei.soriano/sandbox/VCM-v2/data_new/wavs/pitch_up/MESSAGE/send my message.wav
send my message 2.wav,MESSAGE,send my message,send my message,pitch_down,train,/mnt/jfs_hpc/home/ron.andrei.soriano/sandbox/VCM-v2/data_new/wavs/pitch_down/MESSAGE/send my message.wav
send my message 2.wav,MESSAGE,send my message,send my message,stretch,train,/mnt/jfs_hpc/home/ron.andrei.soriano/sandbox/VCM-v2/data_new/wavs/stretch/MESSAGE/send my message.wav
send my message 3.wav,MESSAGE,send my message,send my message,clean,val,/mnt/jfs_hpc/home/ron.andrei.soriano/sandbox/VCM-v2/data_new/wavs/clean/MESSAGE/send my message.wav
send my message 3.wav,MESSAGE,send my message,send my message,hp80,train,/mnt/jfs_hpc/home/ron.andrei.soriano/sandbox/VCM-v2/data_new/wavs/hp80/MESSAGE/send my message.wav
send my message 3.wav,MESSAGE,send my message,send my message,rumble,train,/mnt/jfs_hpc/home/ron.andrei.soriano/sandbox/VCM-v2/data_new/wavs/rumble/MESSAGE/send my message.wav
send my message 3.wav,MESSAGE,send my message,send my message,white,train,/mnt/jfs_hpc/home/ron.andrei.soriano/sandbox/VCM-v2/data_new/wavs/white/MESSAGE/send my message.wav
send my message 3.wav,MESSAGE,send my message,send my message,babble,train,/mnt/jfs_hpc/home/ron.andrei.soriano/sandbox/VCM-v2/data_new/wavs/babble/MESSAGE/send my message.wav
send my message 3.wav,MESSAGE,send my message,send my message,reverb,train,/mnt/jfs_hpc/home/ron.andrei.soriano/sandbox/VCM-v2/data_new/wavs/reverb/MESSAGE/send my message.wav
send my message 3.wav,MESSAGE,send my message,send my message,pitch_up,train,/mnt/jfs_hpc/home/ron.andrei.soriano/sandbox/VCM-v2/data_new/wavs/pitch_up/MESSAGE/send my message.wav
send my message 3.wav,MESSAGE,send my message,send my message,pitch_down,train,/mnt/jfs_hpc/home/ron.andrei.soriano/sandbox/VCM-v2/data_new/wavs/pitch_down/MESSAGE/send my message.wav
send my message 3.wav,MESSAGE,send my message,send my message,stretch,train,/mnt/jfs_hpc/home/ron.andrei.soriano/sandbox/VCM-v2/data_new/wavs/stretch/MESSAGE/send my message.wav
next song 1.wav,NEXT,next song,next song,clean,val,/mnt/jfs_hpc/home/ron.andrei.soriano/sandbox/VCM-v2/data_new/wavs/clean/NEXT/next song.wav
next song 1.wav,NEXT,next song,next song,hp80,train,/mnt/jfs_hpc/home/ron.andrei.soriano/sandbox/VCM-v2/data_new/wavs/hp80/NEXT/next song.wav
next song 1.wav,NEXT,next song,next song,rumble,train,/mnt/jfs_hpc/home/ron.andrei.soriano/sandbox/VCM-v2/data_new/wavs/rumble/NEXT/next song.wav
next song 1.wav,NEXT,next song,next song,white,train,/mnt/jfs_hpc/home/ron.andrei.soriano/sandbox/VCM-v2/data_new/wavs/white/NEXT/next song.wav
next song 1.wav,NEXT,next song,next song,babble,train,/mnt/jfs_hpc/home/ron.andrei.soriano/sandbox/VCM-v2/data_new/wavs/babble/NEXT/next song.wav
next song 1.wav,NEXT,next song,next song,reverb,train,/mnt/jfs_hpc/home/ron.andrei.soriano/sandbox/VCM-v2/data_new/wavs/reverb/NEXT/next song.wav
next song 1.wav,NEXT,next song,next song,pitch_up,train,/mnt/jfs_hpc/home/ron.andrei.soriano/sandbox/VCM-v2/data_new/wavs/pitch_up/NEXT/next song.wav
next song 1.wav,NEXT,next song,next song,pitch_down,train,/mnt/jfs_hpc/home/ron.andrei.soriano/sandbox/VCM-v2/data_new/wavs/pitch_down/NEXT/next song.wav
next song 1.wav,NEXT,next song,next song,stretch,train,/mnt/jfs_hpc/home/ron.andrei.soriano/sandbox/VCM-v2/data_new/wavs/stretch/NEXT/next song.wav
next song 2.wav,NEXT,next song,next song,clean,val,/mnt/jfs_hpc/home/ron.andrei.soriano/sandbox/VCM-v2/data_new/wavs/clean/NEXT/next song.wav
next song 2.wav,NEXT,next song,next song,hp80,train,/mnt/jfs_hpc/home/ron.andrei.soriano/sandbox/VCM-v2/data_new/wavs/hp80/NEXT/next song.wav
next song 2.wav,NEXT,next song,next song,rumble,train,/mnt/jfs_hpc/home/ron.andrei.soriano/sandbox/VCM-v2/data_new/wavs/rumble/NEXT/next song.wav
next song 2.wav,NEXT,next song,next song,white,train,/mnt/jfs_hpc/home/ron.andrei.soriano/sandbox/VCM-v2/data_new/wavs/white/NEXT/next song.wav
next song 2.wav,NEXT,next song,next song,babble,train,/mnt/jfs_hpc/home/ron.andrei.soriano/sandbox/VCM-v2/data_new/wavs/babble/NEXT/next song.wav
next song 2.wav,NEXT,next song,next song,reverb,train,/mnt/jfs_hpc/home/ron.andrei.soriano/sandbox/VCM-v2/data_new/wavs/reverb/NEXT/next song.wav
next song 2.wav,NEXT,next song,next song,pitch_up,train,/mnt/jfs_hpc/home/ron.andrei.soriano/sandbox/VCM-v2/data_new/wavs/pitch_up/NEXT/next song.wav
next song 2.wav,NEXT,next song,next song,pitch_down,train,/mnt/jfs_hpc/home/ron.andrei.soriano/sandbox/VCM-v2/data_new/wavs/pitch_down/NEXT/next song.wav
next song 2.wav,NEXT,next song,next song,stretch,train,/mnt/jfs_hpc/home/ron.andrei.soriano/sandbox/VCM-v2/data_new/wavs/stretch/NEXT/next song.wav
next song 3.wav,NEXT,next song,next song,clean,val,/mnt/jfs_hpc/home/ron.andrei.soriano/sandbox/VCM-v2/data_new/wavs/clean/NEXT/next song.wav
next song 3.wav,NEXT,next song,next song,hp80,train,/mnt/jfs_hpc/home/ron.andrei.soriano/sandbox/VCM-v2/data_new/wavs/hp80/NEXT/next song.wav
next song 3.wav,NEXT,next song,next song,rumble,train,/mnt/jfs_hpc/home/ron.andrei.soriano/sandbox/VCM-v2/data_new/wavs/rumble/NEXT/next song.wav
next song 3.wav,NEXT,next song,next song,white,train,/mnt/jfs_hpc/home/ron.andrei.soriano/sandbox/VCM-v2/data_new/wavs/white/NEXT/next song.wav
next song 3.wav,NEXT,next song,next song,babble,train,/mnt/jfs_hpc/home/ron.andrei.soriano/sandbox/VCM-v2/data_new/wavs/babble/NEXT/next song.wav
next song 3.wav,NEXT,next song,next song,reverb,train,/mnt/jfs_hpc/home/ron.andrei.soriano/sandbox/VCM-v2/data_new/wavs/reverb/NEXT/next song.wav
next song 3.wav,NEXT,next song,next song,pitch_up,train,/mnt/jfs_hpc/home/ron.andrei.soriano/sandbox/VCM-v2/data_new/wavs/pitch_up/NEXT/next song.wav
next song 3.wav,NEXT,next song,next song,pitch_down,train,/mnt/jfs_hpc/home/ron.andrei.soriano/sandbox/VCM-v2/data_new/wavs/pitch_down/NEXT/next song.wav
next song 3.wav,NEXT,next song,next song,stretch,train,/mnt/jfs_hpc/home/ron.andrei.soriano/sandbox/VCM-v2/data_new/wavs/stretch/NEXT/next song.wav
play next song 1.wav,NEXT,play next song,play next song,clean,val,/mnt/jfs_hpc/home/ron.andrei.soriano/sandbox/VCM-v2/data_new/wavs/clean/NEXT/play next song.wav
play next song 1.wav,NEXT,play next song,play next song,hp80,train,/mnt/jfs_hpc/home/ron.andrei.soriano/sandbox/VCM-v2/data_new/wavs/hp80/NEXT/play next song.wav
play next song 1.wav,NEXT,play next song,play next song,rumble,train,/mnt/jfs_hpc/home/ron.andrei.soriano/sandbox/VCM-v2/data_new/wavs/rumble/NEXT/play next song.wav
play next song 1.wav,NEXT,play next song,play next song,white,train,/mnt/jfs_hpc/home/ron.andrei.soriano/sandbox/VCM-v2/data_new/wavs/white/NEXT/play next song.wav
play next song 1.wav,NEXT,play next song,play next song,babble,train,/mnt/jfs_hpc/home/ron.andrei.soriano/sandbox/VCM-v2/data_new/wavs/babble/NEXT/play next song.wav
play next song 1.wav,NEXT,play next song,play next song,reverb,train,/mnt/jfs_hpc/home/ron.andrei.soriano/sandbox/VCM-v2/data_new/wavs/reverb/NEXT/play next song.wav
play next song 1.wav,NEXT,play next song,play next song,pitch_up,train,/mnt/jfs_hpc/home/ron.andrei.soriano/sandbox/VCM-v2/data_new/wavs/pitch_up/NEXT/play next song.wav
play next song 1.wav,NEXT,play next song,play next song,pitch_down,train,/mnt/jfs_hpc/home/ron.andrei.soriano/sandbox/VCM-v2/data_new/wavs/pitch_down/NEXT/play next song.wav
play next song 1.wav,NEXT,play next song,play next song,stretch,train,/mnt/jfs_hpc/home/ron.andrei.soriano/sandbox/VCM-v2/data_new/wavs/stretch/NEXT/play next song.wav
play next song 2.wav,NEXT,play next song,play next song,clean,val,/mnt/jfs_hpc/home/ron.andrei.soriano/sandbox/VCM-v2/data_new/wavs/clean/NEXT/play next song.wav
play next song 2.wav,NEXT,play next song,play next song,hp80,train,/mnt/jfs_hpc/home/ron.andrei.soriano/sandbox/VCM-v2/data_new/wavs/hp80/NEXT/play next song.wav
play next song 2.wav,NEXT,play next song,play next song,rumble,train,/mnt/jfs_hpc/home/ron.andrei.soriano/sandbox/VCM-v2/data_new/wavs/rumble/NEXT/play next song.wav
play next song 2.wav,NEXT,play next song,play next song,white,train,/mnt/jfs_hpc/home/ron.andrei.soriano/sandbox/VCM-v2/data_new/wavs/white/NEXT/play next song.wav
play next song 2.wav,NEXT,play next song,play next song,babble,train,/mnt/jfs_hpc/home/ron.andrei.soriano/sandbox/VCM-v2/data_new/wavs/babble/NEXT/play next song.wav
play next song 2.wav,NEXT,play next song,play next song,reverb,train,/mnt/jfs_hpc/home/ron.andrei.soriano/sandbox/VCM-v2/data_new/wavs/reverb/NEXT/play next song.wav
play next song 2.wav,NEXT,play next song,play next song,pitch_up,train,/mnt/jfs_hpc/home/ron.andrei.soriano/sandbox/VCM-v2/data_new/wavs/pitch_up/NEXT/play next song.wav
play next song 2.wav,NEXT,play next song,play next song,pitch_down,train,/mnt/jfs_hpc/home/ron.andrei.soriano/sandbox/VCM-v2/data_new/wavs/pitch_down/NEXT/play next song.wav
play next song 2.wav,NEXT,play next song,play next song,stretch,train,/mnt/jfs_hpc/home/ron.andrei.soriano/sandbox/VCM-v2/data_new/wavs/stretch/NEXT/play next song.wav
play next song 3.wav,NEXT,play next song,play next song,clean,val,/mnt/jfs_hpc/home/ron.andrei.soriano/sandbox/VCM-v2/data_new/wavs/clean/NEXT/play next song.wav
play next song 3.wav,NEXT,play next song,play next song,hp80,train,/mnt/jfs_hpc/home/ron.andrei.soriano/sandbox/VCM-v2/data_new/wavs/hp80/NEXT/play next song.wav
play next song 3.wav,NEXT,play next song,play next song,rumble,train,/mnt/jfs_hpc/home/ron.andrei.soriano/sandbox/VCM-v2/data_new/wavs/rumble/NEXT/play next song.wav
play next song 3.wav,NEXT,play next song,play next song,white,train,/mnt/jfs_hpc/home/ron.andrei.soriano/sandbox/VCM-v2/data_new/wavs/white/NEXT/play next song.wav
play next song 3.wav,NEXT,play next song,play next song,babble,train,/mnt/jfs_hpc/home/ron.andrei.soriano/sandbox/VCM-v2/data_new/wavs/babble/NEXT/play next song.wav
play next song 3.wav,NEXT,play next song,play next song,reverb,train,/mnt/jfs_hpc/home/ron.andrei.soriano/sandbox/VCM-v2/data_new/wavs/reverb/NEXT/play next song.wav
play next song 3.wav,NEXT,play next song,play next song,pitch_up,train,/mnt/jfs_hpc/home/ron.andrei.soriano/sandbox/VCM-v2/data_new/wavs/pitch_up/NEXT/play next song.wav
play next song 3.wav,NEXT,play next song,play next song,pitch_down,train,/mnt/jfs_hpc/home/ron.andrei.soriano/sandbox/VCM-v2/data_new/wavs/pitch_down/NEXT/play next song.wav
play next song 3.wav,NEXT,play next song,play next song,stretch,train,/mnt/jfs_hpc/home/ron.andrei.soriano/sandbox/VCM-v2/data_new/wavs/stretch/NEXT/play next song.wav
skip song 1.wav,NEXT,skip song,skip song,clean,val,/mnt/jfs_hpc/home/ron.andrei.soriano/sandbox/VCM-v2/data_new/wavs/clean/NEXT/skip song.wav
skip song 1.wav,NEXT,skip song,skip song,hp80,train,/mnt/jfs_hpc/home/ron.andrei.soriano/sandbox/VCM-v2/data_new/wavs/hp80/NEXT/skip song.wav
skip song 1.wav,NEXT,skip song,skip song,rumble,train,/mnt/jfs_hpc/home/ron.andrei.soriano/sandbox/VCM-v2/data_new/wavs/rumble/NEXT/skip song.wav
skip song 1.wav,NEXT,skip song,skip song,white,train,/mnt/jfs_hpc/home/ron.andrei.soriano/sandbox/VCM-v2/data_new/wavs/white/NEXT/skip song.wav
skip song 1.wav,NEXT,skip song,skip song,babble,train,/mnt/jfs_hpc/home/ron.andrei.soriano/sandbox/VCM-v2/data_new/wavs/babble/NEXT/skip song.wav
skip song 1.wav,NEXT,skip song,skip song,reverb,train,/mnt/jfs_hpc/home/ron.andrei.soriano/sandbox/VCM-v2/data_new/wavs/reverb/NEXT/skip song.wav
skip song 1.wav,NEXT,skip song,skip song,pitch_up,train,/mnt/jfs_hpc/home/ron.andrei.soriano/sandbox/VCM-v2/data_new/wavs/pitch_up/NEXT/skip song.wav
skip song 1.wav,NEXT,skip song,skip song,pitch_down,train,/mnt/jfs_hpc/home/ron.andrei.soriano/sandbox/VCM-v2/data_new/wavs/pitch_down/NEXT/skip song.wav
skip song 1.wav,NEXT,skip song,skip song,stretch,train,/mnt/jfs_hpc/home/ron.andrei.soriano/sandbox/VCM-v2/data_new/wavs/stretch/NEXT/skip song.wav
skip song 2.wav,NEXT,skip song,skip song,clean,val,/mnt/jfs_hpc/home/ron.andrei.soriano/sandbox/VCM-v2/data_new/wavs/clean/NEXT/skip song.wav
skip song 2.wav,NEXT,skip song,skip song,hp80,train,/mnt/jfs_hpc/home/ron.andrei.soriano/sandbox/VCM-v2/data_new/wavs/hp80/NEXT/skip song.wav
skip song 2.wav,NEXT,skip song,skip song,rumble,train,/mnt/jfs_hpc/home/ron.andrei.soriano/sandbox/VCM-v2/data_new/wavs/rumble/NEXT/skip song.wav
skip song 2.wav,NEXT,skip song,skip song,white,train,/mnt/jfs_hpc/home/ron.andrei.soriano/sandbox/VCM-v2/data_new/wavs/white/NEXT/skip song.wav
skip song 2.wav,NEXT,skip song,skip song,babble,train,/mnt/jfs_hpc/home/ron.andrei.soriano/sandbox/VCM-v2/data_new/wavs/babble/NEXT/skip song.wav
skip song 2.wav,NEXT,skip song,skip song,reverb,train,/mnt/jfs_hpc/home/ron.andrei.soriano/sandbox/VCM-v2/data_new/wavs/reverb/NEXT/skip song.wav
skip song 2.wav,NEXT,skip song,skip song,pitch_up,train,/mnt/jfs_hpc/home/ron.andrei.soriano/sandbox/VCM-v2/data_new/wavs/pitch_up/NEXT/skip song.wav
skip song 2.wav,NEXT,skip song,skip song,pitch_down,train,/mnt/jfs_hpc/home/ron.andrei.soriano/sandbox/VCM-v2/data_new/wavs/pitch_down/NEXT/skip song.wav
skip song 2.wav,NEXT,skip song,skip song,stretch,train,/mnt/jfs_hpc/home/ron.andrei.soriano/sandbox/VCM-v2/data_new/wavs/stretch/NEXT/skip song.wav
skip song 3.wav,NEXT,skip song,skip song,clean,val,/mnt/jfs_hpc/home/ron.andrei.soriano/sandbox/VCM-v2/data_new/wavs/clean/NEXT/skip song.wav
skip song 3.wav,NEXT,skip song,skip song,hp80,train,/mnt/jfs_hpc/home/ron.andrei.soriano/sandbox/VCM-v2/data_new/wavs/hp80/NEXT/skip song.wav
skip song 3.wav,NEXT,skip song,skip song,rumble,train,/mnt/jfs_hpc/home/ron.andrei.soriano/sandbox/VCM-v2/data_new/wavs/rumble/NEXT/skip song.wav
skip song 3.wav,NEXT,skip song,skip song,white,train,/mnt/jfs_hpc/home/ron.andrei.soriano/sandbox/VCM-v2/data_new/wavs/white/NEXT/skip song.wav
skip song 3.wav,NEXT,skip song,skip song,babble,train,/mnt/jfs_hpc/home/ron.andrei.soriano/sandbox/VCM-v2/data_new/wavs/babble/NEXT/skip song.wav
skip song 3.wav,NEXT,skip song,skip song,reverb,train,/mnt/jfs_hpc/home/ron.andrei.soriano/sandbox/VCM-v2/data_new/wavs/reverb/NEXT/skip song.wav
skip song 3.wav,NEXT,skip song,skip song,pitch_up,train,/mnt/jfs_hpc/home/ron.andrei.soriano/sandbox/VCM-v2/data_new/wavs/pitch_up/NEXT/skip song.wav
skip song 3.wav,NEXT,skip song,skip song,pitch_down,train,/mnt/jfs_hpc/home/ron.andrei.soriano/sandbox/VCM-v2/data_new/wavs/pitch_down/NEXT/skip song.wav
skip song 3.wav,NEXT,skip song,skip song,stretch,train,/mnt/jfs_hpc/home/ron.andrei.soriano/sandbox/VCM-v2/data_new/wavs/stretch/NEXT/skip song.wav
pause 1.wav,PAUSE,pause,pause,clean,val,/mnt/jfs_hpc/home/ron.andrei.soriano/sandbox/VCM-v2/data_new/wavs/clean/PAUSE/pause.wav
pause 1.wav,PAUSE,pause,pause,hp80,train,/mnt/jfs_hpc/home/ron.andrei.soriano/sandbox/VCM-v2/data_new/wavs/hp80/PAUSE/pause.wav
pause 1.wav,PAUSE,pause,pause,rumble,train,/mnt/jfs_hpc/home/ron.andrei.soriano/sandbox/VCM-v2/data_new/wavs/rumble/PAUSE/pause.wav
pause 1.wav,PAUSE,pause,pause,white,train,/mnt/jfs_hpc/home/ron.andrei.soriano/sandbox/VCM-v2/data_new/wavs/white/PAUSE/pause.wav
pause 1.wav,PAUSE,pause,pause,babble,train,/mnt/jfs_hpc/home/ron.andrei.soriano/sandbox/VCM-v2/data_new/wavs/babble/PAUSE/pause.wav
pause 1.wav,PAUSE,pause,pause,reverb,train,/mnt/jfs_hpc/home/ron.andrei.soriano/sandbox/VCM-v2/data_new/wavs/reverb/PAUSE/pause.wav
pause 1.wav,PAUSE,pause,pause,pitch_up,train,/mnt/jfs_hpc/home/ron.andrei.soriano/sandbox/VCM-v2/data_new/wavs/pitch_up/PAUSE/pause.wav
pause 1.wav,PAUSE,pause,pause,pitch_down,train,/mnt/jfs_hpc/home/ron.andrei.soriano/sandbox/VCM-v2/data_new/wavs/pitch_down/PAUSE/pause.wav
pause 1.wav,PAUSE,pause,pause,stretch,train,/mnt/jfs_hpc/home/ron.andrei.soriano/sandbox/VCM-v2/data_new/wavs/stretch/PAUSE/pause.wav
pause 2.wav,PAUSE,pause,pause,clean,val,/mnt/jfs_hpc/home/ron.andrei.soriano/sandbox/VCM-v2/data_new/wavs/clean/PAUSE/pause.wav
pause 2.wav,PAUSE,pause,pause,hp80,train,/mnt/jfs_hpc/home/ron.andrei.soriano/sandbox/VCM-v2/data_new/wavs/hp80/PAUSE/pause.wav
pause 2.wav,PAUSE,pause,pause,rumble,train,/mnt/jfs_hpc/home/ron.andrei.soriano/sandbox/VCM-v2/data_new/wavs/rumble/PAUSE/pause.wav
pause 2.wav,PAUSE,pause,pause,white,train,/mnt/jfs_hpc/home/ron.andrei.soriano/sandbox/VCM-v2/data_new/wavs/white/PAUSE/pause.wav
pause 2.wav,PAUSE,pause,pause,babble,train,/mnt/jfs_hpc/home/ron.andrei.soriano/sandbox/VCM-v2/data_new/wavs/babble/PAUSE/pause.wav
pause 2.wav,PAUSE,pause,pause,reverb,train,/mnt/jfs_hpc/home/ron.andrei.soriano/sandbox/VCM-v2/data_new/wavs/reverb/PAUSE/pause.wav
pause 2.wav,PAUSE,pause,pause,pitch_up,train,/mnt/jfs_hpc/home/ron.andrei.soriano/sandbox/VCM-v2/data_new/wavs/pitch_up/PAUSE/pause.wav
pause 2.wav,PAUSE,pause,pause,pitch_down,train,/mnt/jfs_hpc/home/ron.andrei.soriano/sandbox/VCM-v2/data_new/wavs/pitch_down/PAUSE/pause.wav
pause 2.wav,PAUSE,pause,pause,stretch,train,/mnt/jfs_hpc/home/ron.andrei.soriano/sandbox/VCM-v2/data_new/wavs/stretch/PAUSE/pause.wav
pause 3.wav,PAUSE,pause,pause,clean,val,/mnt/jfs_hpc/home/ron.andrei.soriano/sandbox/VCM-v2/data_new/wavs/clean/PAUSE/pause.wav
pause 3.wav,PAUSE,pause,pause,hp80,train,/mnt/jfs_hpc/home/ron.andrei.soriano/sandbox/VCM-v2/data_new/wavs/hp80/PAUSE/pause.wav
pause 3.wav,PAUSE,pause,pause,rumble,train,/mnt/jfs_hpc/home/ron.andrei.soriano/sandbox/VCM-v2/data_new/wavs/rumble/PAUSE/pause.wav
pause 3.wav,PAUSE,pause,pause,white,train,/mnt/jfs_hpc/home/ron.andrei.soriano/sandbox/VCM-v2/data_new/wavs/white/PAUSE/pause.wav
pause 3.wav,PAUSE,pause,pause,babble,train,/mnt/jfs_hpc/home/ron.andrei.soriano/sandbox/VCM-v2/data_new/wavs/babble/PAUSE/pause.wav
pause 3.wav,PAUSE,pause,pause,reverb,train,/mnt/jfs_hpc/home/ron.andrei.soriano/sandbox/VCM-v2/data_new/wavs/reverb/PAUSE/pause.wav
pause 3.wav,PAUSE,pause,pause,pitch_up,train,/mnt/jfs_hpc/home/ron.andrei.soriano/sandbox/VCM-v2/data_new/wavs/pitch_up/PAUSE/pause.wav
pause 3.wav,PAUSE,pause,pause,pitch_down,train,/mnt/jfs_hpc/home/ron.andrei.soriano/sandbox/VCM-v2/data_new/wavs/pitch_down/PAUSE/pause.wav
pause 3.wav,PAUSE,pause,pause,stretch,train,/mnt/jfs_hpc/home/ron.andrei.soriano/sandbox/VCM-v2/data_new/wavs/stretch/PAUSE/pause.wav
pause audio 1.wav,PAUSE,pause audio,pause audio,clean,val,/mnt/jfs_hpc/home/ron.andrei.soriano/sandbox/VCM-v2/data_new/wavs/clean/PAUSE/pause audio.wav
pause audio 1.wav,PAUSE,pause audio,pause audio,hp80,train,/mnt/jfs_hpc/home/ron.andrei.soriano/sandbox/VCM-v2/data_new/wavs/hp80/PAUSE/pause audio.wav
pause audio 1.wav,PAUSE,pause audio,pause audio,rumble,train,/mnt/jfs_hpc/home/ron.andrei.soriano/sandbox/VCM-v2/data_new/wavs/rumble/PAUSE/pause audio.wav
pause audio 1.wav,PAUSE,pause audio,pause audio,white,train,/mnt/jfs_hpc/home/ron.andrei.soriano/sandbox/VCM-v2/data_new/wavs/white/PAUSE/pause audio.wav
pause audio 1.wav,PAUSE,pause audio,pause audio,babble,train,/mnt/jfs_hpc/home/ron.andrei.soriano/sandbox/VCM-v2/data_new/wavs/babble/PAUSE/pause audio.wav
pause audio 1.wav,PAUSE,pause audio,pause audio,reverb,train,/mnt/jfs_hpc/home/ron.andrei.soriano/sandbox/VCM-v2/data_new/wavs/reverb/PAUSE/pause audio.wav
pause audio 1.wav,PAUSE,pause audio,pause audio,pitch_up,train,/mnt/jfs_hpc/home/ron.andrei.soriano/sandbox/VCM-v2/data_new/wavs/pitch_up/PAUSE/pause audio.wav
pause audio 1.wav,PAUSE,pause audio,pause audio,pitch_down,train,/mnt/jfs_hpc/home/ron.andrei.soriano/sandbox/VCM-v2/data_new/wavs/pitch_down/PAUSE/pause audio.wav
pause audio 1.wav,PAUSE,pause audio,pause audio,stretch,train,/mnt/jfs_hpc/home/ron.andrei.soriano/sandbox/VCM-v2/data_new/wavs/stretch/PAUSE/pause audio.wav
pause audio 2.wav,PAUSE,pause audio,pause audio,clean,val,/mnt/jfs_hpc/home/ron.andrei.soriano/sandbox/VCM-v2/data_new/wavs/clean/PAUSE/pause audio.wav
pause audio 2.wav,PAUSE,pause audio,pause audio,hp80,train,/mnt/jfs_hpc/home/ron.andrei.soriano/sandbox/VCM-v2/data_new/wavs/hp80/PAUSE/pause audio.wav
pause audio 2.wav,PAUSE,pause audio,pause audio,rumble,train,/mnt/jfs_hpc/home/ron.andrei.soriano/sandbox/VCM-v2/data_new/wavs/rumble/PAUSE/pause audio.wav
pause audio 2.wav,PAUSE,pause audio,pause audio,white,train,/mnt/jfs_hpc/home/ron.andrei.soriano/sandbox/VCM-v2/data_new/wavs/white/PAUSE/pause audio.wav
pause audio 2.wav,PAUSE,pause audio,pause audio,babble,train,/mnt/jfs_hpc/home/ron.andrei.soriano/sandbox/VCM-v2/data_new/wavs/babble/PAUSE/pause audio.wav
pause audio 2.wav,PAUSE,pause audio,pause audio,reverb,train,/mnt/jfs_hpc/home/ron.andrei.soriano/sandbox/VCM-v2/data_new/wavs/reverb/PAUSE/pause audio.wav
pause audio 2.wav,PAUSE,pause audio,pause audio,pitch_up,train,/mnt/jfs_hpc/home/ron.andrei.soriano/sandbox/VCM-v2/data_new/wavs/pitch_up/PAUSE/pause audio.wav
pause audio 2.wav,PAUSE,pause audio,pause audio,pitch_down,train,/mnt/jfs_hpc/home/ron.andrei.soriano/sandbox/VCM-v2/data_new/wavs/pitch_down/PAUSE/pause audio.wav
pause audio 2.wav,PAUSE,pause audio,pause audio,stretch,train,/mnt/jfs_hpc/home/ron.andrei.soriano/sandbox/VCM-v2/data_new/wavs/stretch/PAUSE/pause audio.wav
pause audio 3.wav,PAUSE,pause audio,pause audio,clean,val,/mnt/jfs_hpc/home/ron.andrei.soriano/sandbox/VCM-v2/data_new/wavs/clean/PAUSE/pause audio.wav
pause audio 3.wav,PAUSE,pause audio,pause audio,hp80,train,/mnt/jfs_hpc/home/ron.andrei.soriano/sandbox/VCM-v2/data_new/wavs/hp80/PAUSE/pause audio.wav
pause audio 3.wav,PAUSE,pause audio,pause audio,rumble,train,/mnt/jfs_hpc/home/ron.andrei.soriano/sandbox/VCM-v2/data_new/wavs/rumble/PAUSE/pause audio.wav
pause audio 3.wav,PAUSE,pause audio,pause audio,white,train,/mnt/jfs_hpc/home/ron.andrei.soriano/sandbox/VCM-v2/data_new/wavs/white/PAUSE/pause audio.wav
pause audio 3.wav,PAUSE,pause audio,pause audio,babble,train,/mnt/jfs_hpc/home/ron.andrei.soriano/sandbox/VCM-v2/data_new/wavs/babble/PAUSE/pause audio.wav
pause audio 3.wav,PAUSE,pause audio,pause audio,reverb,train,/mnt/jfs_hpc/home/ron.andrei.soriano/sandbox/VCM-v2/data_new/wavs/reverb/PAUSE/pause audio.wav
pause audio 3.wav,PAUSE,pause audio,pause audio,pitch_up,train,/mnt/jfs_hpc/home/ron.andrei.soriano/sandbox/VCM-v2/data_new/wavs/pitch_up/PAUSE/pause audio.wav
pause audio 3.wav,PAUSE,pause audio,pause audio,pitch_down,train,/mnt/jfs_hpc/home/ron.andrei.soriano/sandbox/VCM-v2/data_new/wavs/pitch_down/PAUSE/pause audio.wav
pause audio 3.wav,PAUSE,pause audio,pause audio,stretch,train,/mnt/jfs_hpc/home/ron.andrei.soriano/sandbox/VCM-v2/data_new/wavs/stretch/PAUSE/pause audio.wav
pause song 1.wav,PAUSE,pause song,pause song,clean,val,/mnt/jfs_hpc/home/ron.andrei.soriano/sandbox/VCM-v2/data_new/wavs/clean/PAUSE/pause song.wav
pause song 1.wav,PAUSE,pause song,pause song,hp80,train,/mnt/jfs_hpc/home/ron.andrei.soriano/sandbox/VCM-v2/data_new/wavs/hp80/PAUSE/pause song.wav
pause song 1.wav,PAUSE,pause song,pause song,rumble,train,/mnt/jfs_hpc/home/ron.andrei.soriano/sandbox/VCM-v2/data_new/wavs/rumble/PAUSE/pause song.wav
pause song 1.wav,PAUSE,pause song,pause song,white,train,/mnt/jfs_hpc/home/ron.andrei.soriano/sandbox/VCM-v2/data_new/wavs/white/PAUSE/pause song.wav
pause song 1.wav,PAUSE,pause song,pause song,babble,train,/mnt/jfs_hpc/home/ron.andrei.soriano/sandbox/VCM-v2/data_new/wavs/babble/PAUSE/pause song.wav
pause song 1.wav,PAUSE,pause song,pause song,reverb,train,/mnt/jfs_hpc/home/ron.andrei.soriano/sandbox/VCM-v2/data_new/wavs/reverb/PAUSE/pause song.wav
pause song 1.wav,PAUSE,pause song,pause song,pitch_up,train,/mnt/jfs_hpc/home/ron.andrei.soriano/sandbox/VCM-v2/data_new/wavs/pitch_up/PAUSE/pause song.wav
pause song 1.wav,PAUSE,pause song,pause song,pitch_down,train,/mnt/jfs_hpc/home/ron.andrei.soriano/sandbox/VCM-v2/data_new/wavs/pitch_down/PAUSE/pause song.wav
pause song 1.wav,PAUSE,pause song,pause song,stretch,train,/mnt/jfs_hpc/home/ron.andrei.soriano/sandbox/VCM-v2/data_new/wavs/stretch/PAUSE/pause song.wav
pause song 2.wav,PAUSE,pause song,pause song,clean,val,/mnt/jfs_hpc/home/ron.andrei.soriano/sandbox/VCM-v2/data_new/wavs/clean/PAUSE/pause song.wav
pause song 2.wav,PAUSE,pause song,pause song,hp80,train,/mnt/jfs_hpc/home/ron.andrei.soriano/sandbox/VCM-v2/data_new/wavs/hp80/PAUSE/pause song.wav
pause song 2.wav,PAUSE,pause song,pause song,rumble,train,/mnt/jfs_hpc/home/ron.andrei.soriano/sandbox/VCM-v2/data_new/wavs/rumble/PAUSE/pause song.wav
pause song 2.wav,PAUSE,pause song,pause song,white,train,/mnt/jfs_hpc/home/ron.andrei.soriano/sandbox/VCM-v2/data_new/wavs/white/PAUSE/pause song.wav
pause song 2.wav,PAUSE,pause song,pause song,babble,train,/mnt/jfs_hpc/home/ron.andrei.soriano/sandbox/VCM-v2/data_new/wavs/babble/PAUSE/pause song.wav
pause song 2.wav,PAUSE,pause song,pause song,reverb,train,/mnt/jfs_hpc/home/ron.andrei.soriano/sandbox/VCM-v2/data_new/wavs/reverb/PAUSE/pause song.wav
pause song 2.wav,PAUSE,pause song,pause song,pitch_up,train,/mnt/jfs_hpc/home/ron.andrei.soriano/sandbox/VCM-v2/data_new/wavs/pitch_up/PAUSE/pause song.wav
pause song 2.wav,PAUSE,pause song,pause song,pitch_down,train,/mnt/jfs_hpc/home/ron.andrei.soriano/sandbox/VCM-v2/data_new/wavs/pitch_down/PAUSE/pause song.wav
pause song 2.wav,PAUSE,pause song,pause song,stretch,train,/mnt/jfs_hpc/home/ron.andrei.soriano/sandbox/VCM-v2/data_new/wavs/stretch/PAUSE/pause song.wav
pause song 3.wav,PAUSE,pause song,pause song,clean,val,/mnt/jfs_hpc/home/ron.andrei.soriano/sandbox/VCM-v2/data_new/wavs/clean/PAUSE/pause song.wav
pause song 3.wav,PAUSE,pause song,pause song,hp80,train,/mnt/jfs_hpc/home/ron.andrei.soriano/sandbox/VCM-v2/data_new/wavs/hp80/PAUSE/pause song.wav
pause song 3.wav,PAUSE,pause song,pause song,rumble,train,/mnt/jfs_hpc/home/ron.andrei.soriano/sandbox/VCM-v2/data_new/wavs/rumble/PAUSE/pause song.wav
pause song 3.wav,PAUSE,pause song,pause song,white,train,/mnt/jfs_hpc/home/ron.andrei.soriano/sandbox/VCM-v2/data_new/wavs/white/PAUSE/pause song.wav
pause song 3.wav,PAUSE,pause song,pause song,babble,train,/mnt/jfs_hpc/home/ron.andrei.soriano/sandbox/VCM-v2/data_new/wavs/babble/PAUSE/pause song.wav
pause song 3.wav,PAUSE,pause song,pause song,reverb,train,/mnt/jfs_hpc/home/ron.andrei.soriano/sandbox/VCM-v2/data_new/wavs/reverb/PAUSE/pause song.wav
pause song 3.wav,PAUSE,pause song,pause song,pitch_up,train,/mnt/jfs_hpc/home/ron.andrei.soriano/sandbox/VCM-v2/data_new/wavs/pitch_up/PAUSE/pause song.wav
pause song 3.wav,PAUSE,pause song,pause song,pitch_down,train,/mnt/jfs_hpc/home/ron.andrei.soriano/sandbox/VCM-v2/data_new/wavs/pitch_down/PAUSE/pause song.wav
pause song 3.wav,PAUSE,pause song,pause song,stretch,train,/mnt/jfs_hpc/home/ron.andrei.soriano/sandbox/VCM-v2/data_new/wavs/stretch/PAUSE/pause song.wav
play music 2.wav,PLAY_MUSIC,play music,play music,clean,val,/mnt/jfs_hpc/home/ron.andrei.soriano/sandbox/VCM-v2/data_new/wavs/clean/PLAY_MUSIC/play music.wav
play music 2.wav,PLAY_MUSIC,play music,play music,hp80,train,/mnt/jfs_hpc/home/ron.andrei.soriano/sandbox/VCM-v2/data_new/wavs/hp80/PLAY_MUSIC/play music.wav
play music 2.wav,PLAY_MUSIC,play music,play music,rumble,train,/mnt/jfs_hpc/home/ron.andrei.soriano/sandbox/VCM-v2/data_new/wavs/rumble/PLAY_MUSIC/play music.wav
play music 2.wav,PLAY_MUSIC,play music,play music,white,train,/mnt/jfs_hpc/home/ron.andrei.soriano/sandbox/VCM-v2/data_new/wavs/white/PLAY_MUSIC/play music.wav
play music 2.wav,PLAY_MUSIC,play music,play music,babble,train,/mnt/jfs_hpc/home/ron.andrei.soriano/sandbox/VCM-v2/data_new/wavs/babble/PLAY_MUSIC/play music.wav
play music 2.wav,PLAY_MUSIC,play music,play music,reverb,train,/mnt/jfs_hpc/home/ron.andrei.soriano/sandbox/VCM-v2/data_new/wavs/reverb/PLAY_MUSIC/play music.wav
play music 2.wav,PLAY_MUSIC,play music,play music,pitch_up,train,/mnt/jfs_hpc/home/ron.andrei.soriano/sandbox/VCM-v2/data_new/wavs/pitch_up/PLAY_MUSIC/play music.wav
play music 2.wav,PLAY_MUSIC,play music,play music,pitch_down,train,/mnt/jfs_hpc/home/ron.andrei.soriano/sandbox/VCM-v2/data_new/wavs/pitch_down/PLAY_MUSIC/play music.wav
play music 2.wav,PLAY_MUSIC,play music,play music,stretch,train,/mnt/jfs_hpc/home/ron.andrei.soriano/sandbox/VCM-v2/data_new/wavs/stretch/PLAY_MUSIC/play music.wav
play music 3.wav,PLAY_MUSIC,play music,play music,clean,val,/mnt/jfs_hpc/home/ron.andrei.soriano/sandbox/VCM-v2/data_new/wavs/clean/PLAY_MUSIC/play music.wav
play music 3.wav,PLAY_MUSIC,play music,play music,hp80,train,/mnt/jfs_hpc/home/ron.andrei.soriano/sandbox/VCM-v2/data_new/wavs/hp80/PLAY_MUSIC/play music.wav
play music 3.wav,PLAY_MUSIC,play music,play music,rumble,train,/mnt/jfs_hpc/home/ron.andrei.soriano/sandbox/VCM-v2/data_new/wavs/rumble/PLAY_MUSIC/play music.wav
play music 3.wav,PLAY_MUSIC,play music,play music,white,train,/mnt/jfs_hpc/home/ron.andrei.soriano/sandbox/VCM-v2/data_new/wavs/white/PLAY_MUSIC/play music.wav
play music 3.wav,PLAY_MUSIC,play music,play music,babble,train,/mnt/jfs_hpc/home/ron.andrei.soriano/sandbox/VCM-v2/data_new/wavs/babble/PLAY_MUSIC/play music.wav
play music 3.wav,PLAY_MUSIC,play music,play music,reverb,train,/mnt/jfs_hpc/home/ron.andrei.soriano/sandbox/VCM-v2/data_new/wavs/reverb/PLAY_MUSIC/play music.wav
play music 3.wav,PLAY_MUSIC,play music,play music,pitch_up,train,/mnt/jfs_hpc/home/ron.andrei.soriano/sandbox/VCM-v2/data_new/wavs/pitch_up/PLAY_MUSIC/play music.wav
play music 3.wav,PLAY_MUSIC,play music,play music,pitch_down,train,/mnt/jfs_hpc/home/ron.andrei.soriano/sandbox/VCM-v2/data_new/wavs/pitch_down/PLAY_MUSIC/play music.wav
play music 3.wav,PLAY_MUSIC,play music,play music,stretch,train,/mnt/jfs_hpc/home/ron.andrei.soriano/sandbox/VCM-v2/data_new/wavs/stretch/PLAY_MUSIC/play music.wav
play music.wav,PLAY_MUSIC,play music,play music,clean,val,/mnt/jfs_hpc/home/ron.andrei.soriano/sandbox/VCM-v2/data_new/wavs/clean/PLAY_MUSIC/play music.wav
play music.wav,PLAY_MUSIC,play music,play music,hp80,train,/mnt/jfs_hpc/home/ron.andrei.soriano/sandbox/VCM-v2/data_new/wavs/hp80/PLAY_MUSIC/play music.wav
play music.wav,PLAY_MUSIC,play music,play music,rumble,train,/mnt/jfs_hpc/home/ron.andrei.soriano/sandbox/VCM-v2/data_new/wavs/rumble/PLAY_MUSIC/play music.wav
play music.wav,PLAY_MUSIC,play music,play music,white,train,/mnt/jfs_hpc/home/ron.andrei.soriano/sandbox/VCM-v2/data_new/wavs/white/PLAY_MUSIC/play music.wav
play music.wav,PLAY_MUSIC,play music,play music,babble,train,/mnt/jfs_hpc/home/ron.andrei.soriano/sandbox/VCM-v2/data_new/wavs/babble/PLAY_MUSIC/play music.wav
play music.wav,PLAY_MUSIC,play music,play music,reverb,train,/mnt/jfs_hpc/home/ron.andrei.soriano/sandbox/VCM-v2/data_new/wavs/reverb/PLAY_MUSIC/play music.wav
play music.wav,PLAY_MUSIC,play music,play music,pitch_up,train,/mnt/jfs_hpc/home/ron.andrei.soriano/sandbox/VCM-v2/data_new/wavs/pitch_up/PLAY_MUSIC/play music.wav
play music.wav,PLAY_MUSIC,play music,play music,pitch_down,train,/mnt/jfs_hpc/home/ron.andrei.soriano/sandbox/VCM-v2/data_new/wavs/pitch_down/PLAY_MUSIC/play music.wav
play music.wav,PLAY_MUSIC,play music,play music,stretch,train,/mnt/jfs_hpc/home/ron.andrei.soriano/sandbox/VCM-v2/data_new/wavs/stretch/PLAY_MUSIC/play music.wav
play some music 1.wav,PLAY_MUSIC,play some music,play some music,clean,val,/mnt/jfs_hpc/home/ron.andrei.soriano/sandbox/VCM-v2/data_new/wavs/clean/PLAY_MUSIC/play some music.wav
play some music 1.wav,PLAY_MUSIC,play some music,play some music,hp80,train,/mnt/jfs_hpc/home/ron.andrei.soriano/sandbox/VCM-v2/data_new/wavs/hp80/PLAY_MUSIC/play some music.wav
play some music 1.wav,PLAY_MUSIC,play some music,play some music,rumble,train,/mnt/jfs_hpc/home/ron.andrei.soriano/sandbox/VCM-v2/data_new/wavs/rumble/PLAY_MUSIC/play some music.wav
play some music 1.wav,PLAY_MUSIC,play some music,play some music,white,train,/mnt/jfs_hpc/home/ron.andrei.soriano/sandbox/VCM-v2/data_new/wavs/white/PLAY_MUSIC/play some music.wav
play some music 1.wav,PLAY_MUSIC,play some music,play some music,babble,train,/mnt/jfs_hpc/home/ron.andrei.soriano/sandbox/VCM-v2/data_new/wavs/babble/PLAY_MUSIC/play some music.wav
play some music 1.wav,PLAY_MUSIC,play some music,play some music,reverb,train,/mnt/jfs_hpc/home/ron.andrei.soriano/sandbox/VCM-v2/data_new/wavs/reverb/PLAY_MUSIC/play some music.wav
play some music 1.wav,PLAY_MUSIC,play some music,play some music,pitch_up,train,/mnt/jfs_hpc/home/ron.andrei.soriano/sandbox/VCM-v2/data_new/wavs/pitch_up/PLAY_MUSIC/play some music.wav
play some music 1.wav,PLAY_MUSIC,play some music,play some music,pitch_down,train,/mnt/jfs_hpc/home/ron.andrei.soriano/sandbox/VCM-v2/data_new/wavs/pitch_down/PLAY_MUSIC/play some music.wav
play some music 1.wav,PLAY_MUSIC,play some music,play some music,stretch,train,/mnt/jfs_hpc/home/ron.andrei.soriano/sandbox/VCM-v2/data_new/wavs/stretch/PLAY_MUSIC/play some music.wav
play some music 2.wav,PLAY_MUSIC,play some music,play some music,clean,val,/mnt/jfs_hpc/home/ron.andrei.soriano/sandbox/VCM-v2/data_new/wavs/clean/PLAY_MUSIC/play some music.wav
play some music 2.wav,PLAY_MUSIC,play some music,play some music,hp80,train,/mnt/jfs_hpc/home/ron.andrei.soriano/sandbox/VCM-v2/data_new/wavs/hp80/PLAY_MUSIC/play some music.wav
play some music 2.wav,PLAY_MUSIC,play some music,play some music,rumble,train,/mnt/jfs_hpc/home/ron.andrei.soriano/sandbox/VCM-v2/data_new/wavs/rumble/PLAY_MUSIC/play some music.wav
play some music 2.wav,PLAY_MUSIC,play some music,play some music,white,train,/mnt/jfs_hpc/home/ron.andrei.soriano/sandbox/VCM-v2/data_new/wavs/white/PLAY_MUSIC/play some music.wav
play some music 2.wav,PLAY_MUSIC,play some music,play some music,babble,train,/mnt/jfs_hpc/home/ron.andrei.soriano/sandbox/VCM-v2/data_new/wavs/babble/PLAY_MUSIC/play some music.wav
play some music 2.wav,PLAY_MUSIC,play some music,play some music,reverb,train,/mnt/jfs_hpc/home/ron.andrei.soriano/sandbox/VCM-v2/data_new/wavs/reverb/PLAY_MUSIC/play some music.wav
play some music 2.wav,PLAY_MUSIC,play some music,play some music,pitch_up,train,/mnt/jfs_hpc/home/ron.andrei.soriano/sandbox/VCM-v2/data_new/wavs/pitch_up/PLAY_MUSIC/play some music.wav
play some music 2.wav,PLAY_MUSIC,play some music,play some music,pitch_down,train,/mnt/jfs_hpc/home/ron.andrei.soriano/sandbox/VCM-v2/data_new/wavs/pitch_down/PLAY_MUSIC/play some music.wav
play some music 2.wav,PLAY_MUSIC,play some music,play some music,stretch,train,/mnt/jfs_hpc/home/ron.andrei.soriano/sandbox/VCM-v2/data_new/wavs/stretch/PLAY_MUSIC/play some music.wav
play some music 3.wav,PLAY_MUSIC,play some music,play some music,clean,val,/mnt/jfs_hpc/home/ron.andrei.soriano/sandbox/VCM-v2/data_new/wavs/clean/PLAY_MUSIC/play some music.wav
play some music 3.wav,PLAY_MUSIC,play some music,play some music,hp80,train,/mnt/jfs_hpc/home/ron.andrei.soriano/sandbox/VCM-v2/data_new/wavs/hp80/PLAY_MUSIC/play some music.wav
play some music 3.wav,PLAY_MUSIC,play some music,play some music,rumble,train,/mnt/jfs_hpc/home/ron.andrei.soriano/sandbox/VCM-v2/data_new/wavs/rumble/PLAY_MUSIC/play some music.wav
play some music 3.wav,PLAY_MUSIC,play some music,play some music,white,train,/mnt/jfs_hpc/home/ron.andrei.soriano/sandbox/VCM-v2/data_new/wavs/white/PLAY_MUSIC/play some music.wav
play some music 3.wav,PLAY_MUSIC,play some music,play some music,babble,train,/mnt/jfs_hpc/home/ron.andrei.soriano/sandbox/VCM-v2/data_new/wavs/babble/PLAY_MUSIC/play some music.wav
play some music 3.wav,PLAY_MUSIC,play some music,play some music,reverb,train,/mnt/jfs_hpc/home/ron.andrei.soriano/sandbox/VCM-v2/data_new/wavs/reverb/PLAY_MUSIC/play some music.wav
play some music 3.wav,PLAY_MUSIC,play some music,play some music,pitch_up,train,/mnt/jfs_hpc/home/ron.andrei.soriano/sandbox/VCM-v2/data_new/wavs/pitch_up/PLAY_MUSIC/play some music.wav
play some music 3.wav,PLAY_MUSIC,play some music,play some music,pitch_down,train,/mnt/jfs_hpc/home/ron.andrei.soriano/sandbox/VCM-v2/data_new/wavs/pitch_down/PLAY_MUSIC/play some music.wav
play some music 3.wav,PLAY_MUSIC,play some music,play some music,stretch,train,/mnt/jfs_hpc/home/ron.andrei.soriano/sandbox/VCM-v2/data_new/wavs/stretch/PLAY_MUSIC/play some music.wav
start music 1.wav,PLAY_MUSIC,start music,start music,clean,val,/mnt/jfs_hpc/home/ron.andrei.soriano/sandbox/VCM-v2/data_new/wavs/clean/PLAY_MUSIC/start music.wav
start music 1.wav,PLAY_MUSIC,start music,start music,hp80,train,/mnt/jfs_hpc/home/ron.andrei.soriano/sandbox/VCM-v2/data_new/wavs/hp80/PLAY_MUSIC/start music.wav
start music 1.wav,PLAY_MUSIC,start music,start music,rumble,train,/mnt/jfs_hpc/home/ron.andrei.soriano/sandbox/VCM-v2/data_new/wavs/rumble/PLAY_MUSIC/start music.wav
start music 1.wav,PLAY_MUSIC,start music,start music,white,train,/mnt/jfs_hpc/home/ron.andrei.soriano/sandbox/VCM-v2/data_new/wavs/white/PLAY_MUSIC/start music.wav
start music 1.wav,PLAY_MUSIC,start music,start music,babble,train,/mnt/jfs_hpc/home/ron.andrei.soriano/sandbox/VCM-v2/data_new/wavs/babble/PLAY_MUSIC/start music.wav
start music 1.wav,PLAY_MUSIC,start music,start music,reverb,train,/mnt/jfs_hpc/home/ron.andrei.soriano/sandbox/VCM-v2/data_new/wavs/reverb/PLAY_MUSIC/start music.wav
start music 1.wav,PLAY_MUSIC,start music,start music,pitch_up,train,/mnt/jfs_hpc/home/ron.andrei.soriano/sandbox/VCM-v2/data_new/wavs/pitch_up/PLAY_MUSIC/start music.wav
start music 1.wav,PLAY_MUSIC,start music,start music,pitch_down,train,/mnt/jfs_hpc/home/ron.andrei.soriano/sandbox/VCM-v2/data_new/wavs/pitch_down/PLAY_MUSIC/start music.wav
start music 1.wav,PLAY_MUSIC,start music,start music,stretch,train,/mnt/jfs_hpc/home/ron.andrei.soriano/sandbox/VCM-v2/data_new/wavs/stretch/PLAY_MUSIC/start music.wav
start music 2.wav,PLAY_MUSIC,start music,start music,clean,val,/mnt/jfs_hpc/home/ron.andrei.soriano/sandbox/VCM-v2/data_new/wavs/clean/PLAY_MUSIC/start music.wav
start music 2.wav,PLAY_MUSIC,start music,start music,hp80,train,/mnt/jfs_hpc/home/ron.andrei.soriano/sandbox/VCM-v2/data_new/wavs/hp80/PLAY_MUSIC/start music.wav
start music 2.wav,PLAY_MUSIC,start music,start music,rumble,train,/mnt/jfs_hpc/home/ron.andrei.soriano/sandbox/VCM-v2/data_new/wavs/rumble/PLAY_MUSIC/start music.wav
start music 2.wav,PLAY_MUSIC,start music,start music,white,train,/mnt/jfs_hpc/home/ron.andrei.soriano/sandbox/VCM-v2/data_new/wavs/white/PLAY_MUSIC/start music.wav
start music 2.wav,PLAY_MUSIC,start music,start music,babble,train,/mnt/jfs_hpc/home/ron.andrei.soriano/sandbox/VCM-v2/data_new/wavs/babble/PLAY_MUSIC/start music.wav
start music 2.wav,PLAY_MUSIC,start music,start music,reverb,train,/mnt/jfs_hpc/home/ron.andrei.soriano/sandbox/VCM-v2/data_new/wavs/reverb/PLAY_MUSIC/start music.wav
start music 2.wav,PLAY_MUSIC,start music,start music,pitch_up,train,/mnt/jfs_hpc/home/ron.andrei.soriano/sandbox/VCM-v2/data_new/wavs/pitch_up/PLAY_MUSIC/start music.wav
start music 2.wav,PLAY_MUSIC,start music,start music,pitch_down,train,/mnt/jfs_hpc/home/ron.andrei.soriano/sandbox/VCM-v2/data_new/wavs/pitch_down/PLAY_MUSIC/start music.wav
start music 2.wav,PLAY_MUSIC,start music,start music,stretch,train,/mnt/jfs_hpc/home/ron.andrei.soriano/sandbox/VCM-v2/data_new/wavs/stretch/PLAY_MUSIC/start music.wav
start music 3.wav,PLAY_MUSIC,start music,start music,clean,val,/mnt/jfs_hpc/home/ron.andrei.soriano/sandbox/VCM-v2/data_new/wavs/clean/PLAY_MUSIC/start music.wav
start music 3.wav,PLAY_MUSIC,start music,start music,hp80,train,/mnt/jfs_hpc/home/ron.andrei.soriano/sandbox/VCM-v2/data_new/wavs/hp80/PLAY_MUSIC/start music.wav
start music 3.wav,PLAY_MUSIC,start music,start music,rumble,train,/mnt/jfs_hpc/home/ron.andrei.soriano/sandbox/VCM-v2/data_new/wavs/rumble/PLAY_MUSIC/start music.wav
start music 3.wav,PLAY_MUSIC,start music,start music,white,train,/mnt/jfs_hpc/home/ron.andrei.soriano/sandbox/VCM-v2/data_new/wavs/white/PLAY_MUSIC/start music.wav
start music 3.wav,PLAY_MUSIC,start music,start music,babble,train,/mnt/jfs_hpc/home/ron.andrei.soriano/sandbox/VCM-v2/data_new/wavs/babble/PLAY_MUSIC/start music.wav
start music 3.wav,PLAY_MUSIC,start music,start music,reverb,train,/mnt/jfs_hpc/home/ron.andrei.soriano/sandbox/VCM-v2/data_new/wavs/reverb/PLAY_MUSIC/start music.wav
start music 3.wav,PLAY_MUSIC,start music,start music,pitch_up,train,/mnt/jfs_hpc/home/ron.andrei.soriano/sandbox/VCM-v2/data_new/wavs/pitch_up/PLAY_MUSIC/start music.wav
start music 3.wav,PLAY_MUSIC,start music,start music,pitch_down,train,/mnt/jfs_hpc/home/ron.andrei.soriano/sandbox/VCM-v2/data_new/wavs/pitch_down/PLAY_MUSIC/start music.wav
start music 3.wav,PLAY_MUSIC,start music,start music,stretch,train,/mnt/jfs_hpc/home/ron.andrei.soriano/sandbox/VCM-v2/data_new/wavs/stretch/PLAY_MUSIC/start music.wav
end playback 1.wav,STOP,end playback,stop playing,clean,val,/mnt/jfs_hpc/home/ron.andrei.soriano/sandbox/VCM-v2/data_new/wavs/clean/STOP/end playback.wav
end playback 1.wav,STOP,end playback,stop playing,hp80,train,/mnt/jfs_hpc/home/ron.andrei.soriano/sandbox/VCM-v2/data_new/wavs/hp80/STOP/end playback.wav
end playback 1.wav,STOP,end playback,stop playing,rumble,train,/mnt/jfs_hpc/home/ron.andrei.soriano/sandbox/VCM-v2/data_new/wavs/rumble/STOP/end playback.wav
end playback 1.wav,STOP,end playback,stop playing,white,train,/mnt/jfs_hpc/home/ron.andrei.soriano/sandbox/VCM-v2/data_new/wavs/white/STOP/end playback.wav
end playback 1.wav,STOP,end playback,stop playing,babble,train,/mnt/jfs_hpc/home/ron.andrei.soriano/sandbox/VCM-v2/data_new/wavs/babble/STOP/end playback.wav
end playback 1.wav,STOP,end playback,stop playing,reverb,train,/mnt/jfs_hpc/home/ron.andrei.soriano/sandbox/VCM-v2/data_new/wavs/reverb/STOP/end playback.wav
end playback 1.wav,STOP,end playback,stop playing,pitch_up,train,/mnt/jfs_hpc/home/ron.andrei.soriano/sandbox/VCM-v2/data_new/wavs/pitch_up/STOP/end playback.wav
end playback 1.wav,STOP,end playback,stop playing,pitch_down,train,/mnt/jfs_hpc/home/ron.andrei.soriano/sandbox/VCM-v2/data_new/wavs/pitch_down/STOP/end playback.wav
end playback 1.wav,STOP,end playback,stop playing,stretch,train,/mnt/jfs_hpc/home/ron.andrei.soriano/sandbox/VCM-v2/data_new/wavs/stretch/STOP/end playback.wav
end playback 2.wav,STOP,end playback,stop playing,clean,val,/mnt/jfs_hpc/home/ron.andrei.soriano/sandbox/VCM-v2/data_new/wavs/clean/STOP/end playback.wav
end playback 2.wav,STOP,end playback,stop playing,hp80,train,/mnt/jfs_hpc/home/ron.andrei.soriano/sandbox/VCM-v2/data_new/wavs/hp80/STOP/end playback.wav
end playback 2.wav,STOP,end playback,stop playing,rumble,train,/mnt/jfs_hpc/home/ron.andrei.soriano/sandbox/VCM-v2/data_new/wavs/rumble/STOP/end playback.wav
end playback 2.wav,STOP,end playback,stop playing,white,train,/mnt/jfs_hpc/home/ron.andrei.soriano/sandbox/VCM-v2/data_new/wavs/white/STOP/end playback.wav
end playback 2.wav,STOP,end playback,stop playing,babble,train,/mnt/jfs_hpc/home/ron.andrei.soriano/sandbox/VCM-v2/data_new/wavs/babble/STOP/end playback.wav
end playback 2.wav,STOP,end playback,stop playing,reverb,train,/mnt/jfs_hpc/home/ron.andrei.soriano/sandbox/VCM-v2/data_new/wavs/reverb/STOP/end playback.wav
end playback 2.wav,STOP,end playback,stop playing,pitch_up,train,/mnt/jfs_hpc/home/ron.andrei.soriano/sandbox/VCM-v2/data_new/wavs/pitch_up/STOP/end playback.wav
end playback 2.wav,STOP,end playback,stop playing,pitch_down,train,/mnt/jfs_hpc/home/ron.andrei.soriano/sandbox/VCM-v2/data_new/wavs/pitch_down/STOP/end playback.wav
end playback 2.wav,STOP,end playback,stop playing,stretch,train,/mnt/jfs_hpc/home/ron.andrei.soriano/sandbox/VCM-v2/data_new/wavs/stretch/STOP/end playback.wav
end playback 3.wav,STOP,end playback,stop playing,clean,val,/mnt/jfs_hpc/home/ron.andrei.soriano/sandbox/VCM-v2/data_new/wavs/clean/STOP/end playback.wav
end playback 3.wav,STOP,end playback,stop playing,hp80,train,/mnt/jfs_hpc/home/ron.andrei.soriano/sandbox/VCM-v2/data_new/wavs/hp80/STOP/end playback.wav
end playback 3.wav,STOP,end playback,stop playing,rumble,train,/mnt/jfs_hpc/home/ron.andrei.soriano/sandbox/VCM-v2/data_new/wavs/rumble/STOP/end playback.wav
end playback 3.wav,STOP,end playback,stop playing,white,train,/mnt/jfs_hpc/home/ron.andrei.soriano/sandbox/VCM-v2/data_new/wavs/white/STOP/end playback.wav
end playback 3.wav,STOP,end playback,stop playing,babble,train,/mnt/jfs_hpc/home/ron.andrei.soriano/sandbox/VCM-v2/data_new/wavs/babble/STOP/end playback.wav
end playback 3.wav,STOP,end playback,stop playing,reverb,train,/mnt/jfs_hpc/home/ron.andrei.soriano/sandbox/VCM-v2/data_new/wavs/reverb/STOP/end playback.wav
end playback 3.wav,STOP,end playback,stop playing,pitch_up,train,/mnt/jfs_hpc/home/ron.andrei.soriano/sandbox/VCM-v2/data_new/wavs/pitch_up/STOP/end playback.wav
end playback 3.wav,STOP,end playback,stop playing,pitch_down,train,/mnt/jfs_hpc/home/ron.andrei.soriano/sandbox/VCM-v2/data_new/wavs/pitch_down/STOP/end playback.wav
end playback 3.wav,STOP,end playback,stop playing,stretch,train,/mnt/jfs_hpc/home/ron.andrei.soriano/sandbox/VCM-v2/data_new/wavs/stretch/STOP/end playback.wav
stop 1.wav,STOP,stop,stop,clean,val,/mnt/jfs_hpc/home/ron.andrei.soriano/sandbox/VCM-v2/data_new/wavs/clean/STOP/stop.wav
stop 1.wav,STOP,stop,stop,hp80,train,/mnt/jfs_hpc/home/ron.andrei.soriano/sandbox/VCM-v2/data_new/wavs/hp80/STOP/stop.wav
stop 1.wav,STOP,stop,stop,rumble,train,/mnt/jfs_hpc/home/ron.andrei.soriano/sandbox/VCM-v2/data_new/wavs/rumble/STOP/stop.wav
stop 1.wav,STOP,stop,stop,white,train,/mnt/jfs_hpc/home/ron.andrei.soriano/sandbox/VCM-v2/data_new/wavs/white/STOP/stop.wav
stop 1.wav,STOP,stop,stop,babble,train,/mnt/jfs_hpc/home/ron.andrei.soriano/sandbox/VCM-v2/data_new/wavs/babble/STOP/stop.wav
stop 1.wav,STOP,stop,stop,reverb,train,/mnt/jfs_hpc/home/ron.andrei.soriano/sandbox/VCM-v2/data_new/wavs/reverb/STOP/stop.wav
stop 1.wav,STOP,stop,stop,pitch_up,train,/mnt/jfs_hpc/home/ron.andrei.soriano/sandbox/VCM-v2/data_new/wavs/pitch_up/STOP/stop.wav
stop 1.wav,STOP,stop,stop,pitch_down,train,/mnt/jfs_hpc/home/ron.andrei.soriano/sandbox/VCM-v2/data_new/wavs/pitch_down/STOP/stop.wav
stop 1.wav,STOP,stop,stop,stretch,train,/mnt/jfs_hpc/home/ron.andrei.soriano/sandbox/VCM-v2/data_new/wavs/stretch/STOP/stop.wav
stop 2.wav,STOP,stop,stop,clean,val,/mnt/jfs_hpc/home/ron.andrei.soriano/sandbox/VCM-v2/data_new/wavs/clean/STOP/stop.wav
stop 2.wav,STOP,stop,stop,hp80,train,/mnt/jfs_hpc/home/ron.andrei.soriano/sandbox/VCM-v2/data_new/wavs/hp80/STOP/stop.wav
stop 2.wav,STOP,stop,stop,rumble,train,/mnt/jfs_hpc/home/ron.andrei.soriano/sandbox/VCM-v2/data_new/wavs/rumble/STOP/stop.wav
stop 2.wav,STOP,stop,stop,white,train,/mnt/jfs_hpc/home/ron.andrei.soriano/sandbox/VCM-v2/data_new/wavs/white/STOP/stop.wav
stop 2.wav,STOP,stop,stop,babble,train,/mnt/jfs_hpc/home/ron.andrei.soriano/sandbox/VCM-v2/data_new/wavs/babble/STOP/stop.wav
stop 2.wav,STOP,stop,stop,reverb,train,/mnt/jfs_hpc/home/ron.andrei.soriano/sandbox/VCM-v2/data_new/wavs/reverb/STOP/stop.wav
stop 2.wav,STOP,stop,stop,pitch_up,train,/mnt/jfs_hpc/home/ron.andrei.soriano/sandbox/VCM-v2/data_new/wavs/pitch_up/STOP/stop.wav
stop 2.wav,STOP,stop,stop,pitch_down,train,/mnt/jfs_hpc/home/ron.andrei.soriano/sandbox/VCM-v2/data_new/wavs/pitch_down/STOP/stop.wav
stop 2.wav,STOP,stop,stop,stretch,train,/mnt/jfs_hpc/home/ron.andrei.soriano/sandbox/VCM-v2/data_new/wavs/stretch/STOP/stop.wav
stop 3.wav,STOP,stop,stop,clean,val,/mnt/jfs_hpc/home/ron.andrei.soriano/sandbox/VCM-v2/data_new/wavs/clean/STOP/stop.wav
stop 3.wav,STOP,stop,stop,hp80,train,/mnt/jfs_hpc/home/ron.andrei.soriano/sandbox/VCM-v2/data_new/wavs/hp80/STOP/stop.wav
stop 3.wav,STOP,stop,stop,rumble,train,/mnt/jfs_hpc/home/ron.andrei.soriano/sandbox/VCM-v2/data_new/wavs/rumble/STOP/stop.wav
stop 3.wav,STOP,stop,stop,white,train,/mnt/jfs_hpc/home/ron.andrei.soriano/sandbox/VCM-v2/data_new/wavs/white/STOP/stop.wav
stop 3.wav,STOP,stop,stop,babble,train,/mnt/jfs_hpc/home/ron.andrei.soriano/sandbox/VCM-v2/data_new/wavs/babble/STOP/stop.wav
stop 3.wav,STOP,stop,stop,reverb,train,/mnt/jfs_hpc/home/ron.andrei.soriano/sandbox/VCM-v2/data_new/wavs/reverb/STOP/stop.wav
stop 3.wav,STOP,stop,stop,pitch_up,train,/mnt/jfs_hpc/home/ron.andrei.soriano/sandbox/VCM-v2/data_new/wavs/pitch_up/STOP/stop.wav
stop 3.wav,STOP,stop,stop,pitch_down,train,/mnt/jfs_hpc/home/ron.andrei.soriano/sandbox/VCM-v2/data_new/wavs/pitch_down/STOP/stop.wav
stop 3.wav,STOP,stop,stop,stretch,train,/mnt/jfs_hpc/home/ron.andrei.soriano/sandbox/VCM-v2/data_new/wavs/stretch/STOP/stop.wav
stop playing 1.wav,STOP,stop playing,stop playing,clean,val,/mnt/jfs_hpc/home/ron.andrei.soriano/sandbox/VCM-v2/data_new/wavs/clean/STOP/stop playing.wav
stop playing 1.wav,STOP,stop playing,stop playing,hp80,train,/mnt/jfs_hpc/home/ron.andrei.soriano/sandbox/VCM-v2/data_new/wavs/hp80/STOP/stop playing.wav
stop playing 1.wav,STOP,stop playing,stop playing,rumble,train,/mnt/jfs_hpc/home/ron.andrei.soriano/sandbox/VCM-v2/data_new/wavs/rumble/STOP/stop playing.wav
stop playing 1.wav,STOP,stop playing,stop playing,white,train,/mnt/jfs_hpc/home/ron.andrei.soriano/sandbox/VCM-v2/data_new/wavs/white/STOP/stop playing.wav
stop playing 1.wav,STOP,stop playing,stop playing,babble,train,/mnt/jfs_hpc/home/ron.andrei.soriano/sandbox/VCM-v2/data_new/wavs/babble/STOP/stop playing.wav
stop playing 1.wav,STOP,stop playing,stop playing,reverb,train,/mnt/jfs_hpc/home/ron.andrei.soriano/sandbox/VCM-v2/data_new/wavs/reverb/STOP/stop playing.wav
stop playing 1.wav,STOP,stop playing,stop playing,pitch_up,train,/mnt/jfs_hpc/home/ron.andrei.soriano/sandbox/VCM-v2/data_new/wavs/pitch_up/STOP/stop playing.wav
stop playing 1.wav,STOP,stop playing,stop playing,pitch_down,train,/mnt/jfs_hpc/home/ron.andrei.soriano/sandbox/VCM-v2/data_new/wavs/pitch_down/STOP/stop playing.wav
stop playing 1.wav,STOP,stop playing,stop playing,stretch,train,/mnt/jfs_hpc/home/ron.andrei.soriano/sandbox/VCM-v2/data_new/wavs/stretch/STOP/stop playing.wav
stop playing 2.wav,STOP,stop playing,stop playing,clean,val,/mnt/jfs_hpc/home/ron.andrei.soriano/sandbox/VCM-v2/data_new/wavs/clean/STOP/stop playing.wav
stop playing 2.wav,STOP,stop playing,stop playing,hp80,train,/mnt/jfs_hpc/home/ron.andrei.soriano/sandbox/VCM-v2/data_new/wavs/hp80/STOP/stop playing.wav
stop playing 2.wav,STOP,stop playing,stop playing,rumble,train,/mnt/jfs_hpc/home/ron.andrei.soriano/sandbox/VCM-v2/data_new/wavs/rumble/STOP/stop playing.wav
stop playing 2.wav,STOP,stop playing,stop playing,white,train,/mnt/jfs_hpc/home/ron.andrei.soriano/sandbox/VCM-v2/data_new/wavs/white/STOP/stop playing.wav
stop playing 2.wav,STOP,stop playing,stop playing,babble,train,/mnt/jfs_hpc/home/ron.andrei.soriano/sandbox/VCM-v2/data_new/wavs/babble/STOP/stop playing.wav
stop playing 2.wav,STOP,stop playing,stop playing,reverb,train,/mnt/jfs_hpc/home/ron.andrei.soriano/sandbox/VCM-v2/data_new/wavs/reverb/STOP/stop playing.wav
stop playing 2.wav,STOP,stop playing,stop playing,pitch_up,train,/mnt/jfs_hpc/home/ron.andrei.soriano/sandbox/VCM-v2/data_new/wavs/pitch_up/STOP/stop playing.wav
stop playing 2.wav,STOP,stop playing,stop playing,pitch_down,train,/mnt/jfs_hpc/home/ron.andrei.soriano/sandbox/VCM-v2/data_new/wavs/pitch_down/STOP/stop playing.wav
stop playing 2.wav,STOP,stop playing,stop playing,stretch,train,/mnt/jfs_hpc/home/ron.andrei.soriano/sandbox/VCM-v2/data_new/wavs/stretch/STOP/stop playing.wav
stop playing 3.wav,STOP,stop playing,stop playing,clean,val,/mnt/jfs_hpc/home/ron.andrei.soriano/sandbox/VCM-v2/data_new/wavs/clean/STOP/stop playing.wav
stop playing 3.wav,STOP,stop playing,stop playing,hp80,train,/mnt/jfs_hpc/home/ron.andrei.soriano/sandbox/VCM-v2/data_new/wavs/hp80/STOP/stop playing.wav
stop playing 3.wav,STOP,stop playing,stop playing,rumble,train,/mnt/jfs_hpc/home/ron.andrei.soriano/sandbox/VCM-v2/data_new/wavs/rumble/STOP/stop playing.wav
stop playing 3.wav,STOP,stop playing,stop playing,white,train,/mnt/jfs_hpc/home/ron.andrei.soriano/sandbox/VCM-v2/data_new/wavs/white/STOP/stop playing.wav
stop playing 3.wav,STOP,stop playing,stop playing,babble,train,/mnt/jfs_hpc/home/ron.andrei.soriano/sandbox/VCM-v2/data_new/wavs/babble/STOP/stop playing.wav
stop playing 3.wav,STOP,stop playing,stop playing,reverb,train,/mnt/jfs_hpc/home/ron.andrei.soriano/sandbox/VCM-v2/data_new/wavs/reverb/STOP/stop playing.wav
stop playing 3.wav,STOP,stop playing,stop playing,pitch_up,train,/mnt/jfs_hpc/home/ron.andrei.soriano/sandbox/VCM-v2/data_new/wavs/pitch_up/STOP/stop playing.wav
stop playing 3.wav,STOP,stop playing,stop playing,pitch_down,train,/mnt/jfs_hpc/home/ron.andrei.soriano/sandbox/VCM-v2/data_new/wavs/pitch_down/STOP/stop playing.wav
stop playing 3.wav,STOP,stop playing,stop playing,stretch,train,/mnt/jfs_hpc/home/ron.andrei.soriano/sandbox/VCM-v2/data_new/wavs/stretch/STOP/stop playing.wav
temperature 18 degrees 1.wav,TEMPERATURE,temperature 18 degrees,temperature 18 degrees,clean,val,/mnt/jfs_hpc/home/ron.andrei.soriano/sandbox/VCM-v2/data_new/wavs/clean/TEMPERATURE/temperature 18 degrees.wav
temperature 18 degrees 1.wav,TEMPERATURE,temperature 18 degrees,temperature 18 degrees,hp80,train,/mnt/jfs_hpc/home/ron.andrei.soriano/sandbox/VCM-v2/data_new/wavs/hp80/TEMPERATURE/temperature 18 degrees.wav
temperature 18 degrees 1.wav,TEMPERATURE,temperature 18 degrees,temperature 18 degrees,rumble,train,/mnt/jfs_hpc/home/ron.andrei.soriano/sandbox/VCM-v2/data_new/wavs/rumble/TEMPERATURE/temperature 18 degrees.wav
temperature 18 degrees 1.wav,TEMPERATURE,temperature 18 degrees,temperature 18 degrees,white,train,/mnt/jfs_hpc/home/ron.andrei.soriano/sandbox/VCM-v2/data_new/wavs/white/TEMPERATURE/temperature 18 degrees.wav
temperature 18 degrees 1.wav,TEMPERATURE,temperature 18 degrees,temperature 18 degrees,babble,train,/mnt/jfs_hpc/home/ron.andrei.soriano/sandbox/VCM-v2/data_new/wavs/babble/TEMPERATURE/temperature 18 degrees.wav
temperature 18 degrees 1.wav,TEMPERATURE,temperature 18 degrees,temperature 18 degrees,reverb,train,/mnt/jfs_hpc/home/ron.andrei.soriano/sandbox/VCM-v2/data_new/wavs/reverb/TEMPERATURE/temperature 18 degrees.wav
temperature 18 degrees 1.wav,TEMPERATURE,temperature 18 degrees,temperature 18 degrees,pitch_up,train,/mnt/jfs_hpc/home/ron.andrei.soriano/sandbox/VCM-v2/data_new/wavs/pitch_up/TEMPERATURE/temperature 18 degrees.wav
temperature 18 degrees 1.wav,TEMPERATURE,temperature 18 degrees,temperature 18 degrees,pitch_down,train,/mnt/jfs_hpc/home/ron.andrei.soriano/sandbox/VCM-v2/data_new/wavs/pitch_down/TEMPERATURE/temperature 18 degrees.wav
temperature 18 degrees 1.wav,TEMPERATURE,temperature 18 degrees,temperature 18 degrees,stretch,train,/mnt/jfs_hpc/home/ron.andrei.soriano/sandbox/VCM-v2/data_new/wavs/stretch/TEMPERATURE/temperature 18 degrees.wav
temperature 18 degrees 2.wav,TEMPERATURE,temperature 18 degrees,temperature 18 degrees,clean,val,/mnt/jfs_hpc/home/ron.andrei.soriano/sandbox/VCM-v2/data_new/wavs/clean/TEMPERATURE/temperature 18 degrees.wav
temperature 18 degrees 2.wav,TEMPERATURE,temperature 18 degrees,temperature 18 degrees,hp80,train,/mnt/jfs_hpc/home/ron.andrei.soriano/sandbox/VCM-v2/data_new/wavs/hp80/TEMPERATURE/temperature 18 degrees.wav
temperature 18 degrees 2.wav,TEMPERATURE,temperature 18 degrees,temperature 18 degrees,rumble,train,/mnt/jfs_hpc/home/ron.andrei.soriano/sandbox/VCM-v2/data_new/wavs/rumble/TEMPERATURE/temperature 18 degrees.wav
temperature 18 degrees 2.wav,TEMPERATURE,temperature 18 degrees,temperature 18 degrees,white,train,/mnt/jfs_hpc/home/ron.andrei.soriano/sandbox/VCM-v2/data_new/wavs/white/TEMPERATURE/temperature 18 degrees.wav
temperature 18 degrees 2.wav,TEMPERATURE,temperature 18 degrees,temperature 18 degrees,babble,train,/mnt/jfs_hpc/home/ron.andrei.soriano/sandbox/VCM-v2/data_new/wavs/babble/TEMPERATURE/temperature 18 degrees.wav
temperature 18 degrees 2.wav,TEMPERATURE,temperature 18 degrees,temperature 18 degrees,reverb,train,/mnt/jfs_hpc/home/ron.andrei.soriano/sandbox/VCM-v2/data_new/wavs/reverb/TEMPERATURE/temperature 18 degrees.wav
temperature 18 degrees 2.wav,TEMPERATURE,temperature 18 degrees,temperature 18 degrees,pitch_up,train,/mnt/jfs_hpc/home/ron.andrei.soriano/sandbox/VCM-v2/data_new/wavs/pitch_up/TEMPERATURE/temperature 18 degrees.wav
temperature 18 degrees 2.wav,TEMPERATURE,temperature 18 degrees,temperature 18 degrees,pitch_down,train,/mnt/jfs_hpc/home/ron.andrei.soriano/sandbox/VCM-v2/data_new/wavs/pitch_down/TEMPERATURE/temperature 18 degrees.wav
temperature 18 degrees 2.wav,TEMPERATURE,temperature 18 degrees,temperature 18 degrees,stretch,train,/mnt/jfs_hpc/home/ron.andrei.soriano/sandbox/VCM-v2/data_new/wavs/stretch/TEMPERATURE/temperature 18 degrees.wav
temperature 18 degrees 3.wav,TEMPERATURE,temperature 18 degrees,temperature 18 degrees,clean,val,/mnt/jfs_hpc/home/ron.andrei.soriano/sandbox/VCM-v2/data_new/wavs/clean/TEMPERATURE/temperature 18 degrees.wav
temperature 18 degrees 3.wav,TEMPERATURE,temperature 18 degrees,temperature 18 degrees,hp80,train,/mnt/jfs_hpc/home/ron.andrei.soriano/sandbox/VCM-v2/data_new/wavs/hp80/TEMPERATURE/temperature 18 degrees.wav
temperature 18 degrees 3.wav,TEMPERATURE,temperature 18 degrees,temperature 18 degrees,rumble,train,/mnt/jfs_hpc/home/ron.andrei.soriano/sandbox/VCM-v2/data_new/wavs/rumble/TEMPERATURE/temperature 18 degrees.wav
temperature 18 degrees 3.wav,TEMPERATURE,temperature 18 degrees,temperature 18 degrees,white,train,/mnt/jfs_hpc/home/ron.andrei.soriano/sandbox/VCM-v2/data_new/wavs/white/TEMPERATURE/temperature 18 degrees.wav
temperature 18 degrees 3.wav,TEMPERATURE,temperature 18 degrees,temperature 18 degrees,babble,train,/mnt/jfs_hpc/home/ron.andrei.soriano/sandbox/VCM-v2/data_new/wavs/babble/TEMPERATURE/temperature 18 degrees.wav
temperature 18 degrees 3.wav,TEMPERATURE,temperature 18 degrees,temperature 18 degrees,reverb,train,/mnt/jfs_hpc/home/ron.andrei.soriano/sandbox/VCM-v2/data_new/wavs/reverb/TEMPERATURE/temperature 18 degrees.wav
temperature 18 degrees 3.wav,TEMPERATURE,temperature 18 degrees,temperature 18 degrees,pitch_up,train,/mnt/jfs_hpc/home/ron.andrei.soriano/sandbox/VCM-v2/data_new/wavs/pitch_up/TEMPERATURE/temperature 18 degrees.wav
temperature 18 degrees 3.wav,TEMPERATURE,temperature 18 degrees,temperature 18 degrees,pitch_down,train,/mnt/jfs_hpc/home/ron.andrei.soriano/sandbox/VCM-v2/data_new/wavs/pitch_down/TEMPERATURE/temperature 18 degrees.wav
temperature 18 degrees 3.wav,TEMPERATURE,temperature 18 degrees,temperature 18 degrees,stretch,train,/mnt/jfs_hpc/home/ron.andrei.soriano/sandbox/VCM-v2/data_new/wavs/stretch/TEMPERATURE/temperature 18 degrees.wav
temperature 22 degrees 1.wav,TEMPERATURE,temperature 22 degrees,temperature 22 degrees,clean,val,/mnt/jfs_hpc/home/ron.andrei.soriano/sandbox/VCM-v2/data_new/wavs/clean/TEMPERATURE/temperature 22 degrees.wav
temperature 22 degrees 1.wav,TEMPERATURE,temperature 22 degrees,temperature 22 degrees,hp80,train,/mnt/jfs_hpc/home/ron.andrei.soriano/sandbox/VCM-v2/data_new/wavs/hp80/TEMPERATURE/temperature 22 degrees.wav
temperature 22 degrees 1.wav,TEMPERATURE,temperature 22 degrees,temperature 22 degrees,rumble,train,/mnt/jfs_hpc/home/ron.andrei.soriano/sandbox/VCM-v2/data_new/wavs/rumble/TEMPERATURE/temperature 22 degrees.wav
temperature 22 degrees 1.wav,TEMPERATURE,temperature 22 degrees,temperature 22 degrees,white,train,/mnt/jfs_hpc/home/ron.andrei.soriano/sandbox/VCM-v2/data_new/wavs/white/TEMPERATURE/temperature 22 degrees.wav
temperature 22 degrees 1.wav,TEMPERATURE,temperature 22 degrees,temperature 22 degrees,babble,train,/mnt/jfs_hpc/home/ron.andrei.soriano/sandbox/VCM-v2/data_new/wavs/babble/TEMPERATURE/temperature 22 degrees.wav
temperature 22 degrees 1.wav,TEMPERATURE,temperature 22 degrees,temperature 22 degrees,reverb,train,/mnt/jfs_hpc/home/ron.andrei.soriano/sandbox/VCM-v2/data_new/wavs/reverb/TEMPERATURE/temperature 22 degrees.wav
temperature 22 degrees 1.wav,TEMPERATURE,temperature 22 degrees,temperature 22 degrees,pitch_up,train,/mnt/jfs_hpc/home/ron.andrei.soriano/sandbox/VCM-v2/data_new/wavs/pitch_up/TEMPERATURE/temperature 22 degrees.wav
temperature 22 degrees 1.wav,TEMPERATURE,temperature 22 degrees,temperature 22 degrees,pitch_down,train,/mnt/jfs_hpc/home/ron.andrei.soriano/sandbox/VCM-v2/data_new/wavs/pitch_down/TEMPERATURE/temperature 22 degrees.wav
temperature 22 degrees 1.wav,TEMPERATURE,temperature 22 degrees,temperature 22 degrees,stretch,train,/mnt/jfs_hpc/home/ron.andrei.soriano/sandbox/VCM-v2/data_new/wavs/stretch/TEMPERATURE/temperature 22 degrees.wav
temperature 22 degrees 2.wav,TEMPERATURE,temperature 22 degrees,temperature 22 degrees,clean,val,/mnt/jfs_hpc/home/ron.andrei.soriano/sandbox/VCM-v2/data_new/wavs/clean/TEMPERATURE/temperature 22 degrees.wav
temperature 22 degrees 2.wav,TEMPERATURE,temperature 22 degrees,temperature 22 degrees,hp80,train,/mnt/jfs_hpc/home/ron.andrei.soriano/sandbox/VCM-v2/data_new/wavs/hp80/TEMPERATURE/temperature 22 degrees.wav
temperature 22 degrees 2.wav,TEMPERATURE,temperature 22 degrees,temperature 22 degrees,rumble,train,/mnt/jfs_hpc/home/ron.andrei.soriano/sandbox/VCM-v2/data_new/wavs/rumble/TEMPERATURE/temperature 22 degrees.wav
temperature 22 degrees 2.wav,TEMPERATURE,temperature 22 degrees,temperature 22 degrees,white,train,/mnt/jfs_hpc/home/ron.andrei.soriano/sandbox/VCM-v2/data_new/wavs/white/TEMPERATURE/temperature 22 degrees.wav
temperature 22 degrees 2.wav,TEMPERATURE,temperature 22 degrees,temperature 22 degrees,babble,train,/mnt/jfs_hpc/home/ron.andrei.soriano/sandbox/VCM-v2/data_new/wavs/babble/TEMPERATURE/temperature 22 degrees.wav
temperature 22 degrees 2.wav,TEMPERATURE,temperature 22 degrees,temperature 22 degrees,reverb,train,/mnt/jfs_hpc/home/ron.andrei.soriano/sandbox/VCM-v2/data_new/wavs/reverb/TEMPERATURE/temperature 22 degrees.wav
temperature 22 degrees 2.wav,TEMPERATURE,temperature 22 degrees,temperature 22 degrees,pitch_up,train,/mnt/jfs_hpc/home/ron.andrei.soriano/sandbox/VCM-v2/data_new/wavs/pitch_up/TEMPERATURE/temperature 22 degrees.wav
temperature 22 degrees 2.wav,TEMPERATURE,temperature 22 degrees,temperature 22 degrees,pitch_down,train,/mnt/jfs_hpc/home/ron.andrei.soriano/sandbox/VCM-v2/data_new/wavs/pitch_down/TEMPERATURE/temperature 22 degrees.wav
temperature 22 degrees 2.wav,TEMPERATURE,temperature 22 degrees,temperature 22 degrees,stretch,train,/mnt/jfs_hpc/home/ron.andrei.soriano/sandbox/VCM-v2/data_new/wavs/stretch/TEMPERATURE/temperature 22 degrees.wav
temperature 22 degrees 3.wav,TEMPERATURE,temperature 22 degrees,temperature 22 degrees,clean,val,/mnt/jfs_hpc/home/ron.andrei.soriano/sandbox/VCM-v2/data_new/wavs/clean/TEMPERATURE/temperature 22 degrees.wav
temperature 22 degrees 3.wav,TEMPERATURE,temperature 22 degrees,temperature 22 degrees,hp80,train,/mnt/jfs_hpc/home/ron.andrei.soriano/sandbox/VCM-v2/data_new/wavs/hp80/TEMPERATURE/temperature 22 degrees.wav
temperature 22 degrees 3.wav,TEMPERATURE,temperature 22 degrees,temperature 22 degrees,rumble,train,/mnt/jfs_hpc/home/ron.andrei.soriano/sandbox/VCM-v2/data_new/wavs/rumble/TEMPERATURE/temperature 22 degrees.wav
temperature 22 degrees 3.wav,TEMPERATURE,temperature 22 degrees,temperature 22 degrees,white,train,/mnt/jfs_hpc/home/ron.andrei.soriano/sandbox/VCM-v2/data_new/wavs/white/TEMPERATURE/temperature 22 degrees.wav
temperature 22 degrees 3.wav,TEMPERATURE,temperature 22 degrees,temperature 22 degrees,babble,train,/mnt/jfs_hpc/home/ron.andrei.soriano/sandbox/VCM-v2/data_new/wavs/babble/TEMPERATURE/temperature 22 degrees.wav
temperature 22 degrees 3.wav,TEMPERATURE,temperature 22 degrees,temperature 22 degrees,reverb,train,/mnt/jfs_hpc/home/ron.andrei.soriano/sandbox/VCM-v2/data_new/wavs/reverb/TEMPERATURE/temperature 22 degrees.wav
temperature 22 degrees 3.wav,TEMPERATURE,temperature 22 degrees,temperature 22 degrees,pitch_up,train,/mnt/jfs_hpc/home/ron.andrei.soriano/sandbox/VCM-v2/data_new/wavs/pitch_up/TEMPERATURE/temperature 22 degrees.wav
temperature 22 degrees 3.wav,TEMPERATURE,temperature 22 degrees,temperature 22 degrees,pitch_down,train,/mnt/jfs_hpc/home/ron.andrei.soriano/sandbox/VCM-v2/data_new/wavs/pitch_down/TEMPERATURE/temperature 22 degrees.wav
temperature 22 degrees 3.wav,TEMPERATURE,temperature 22 degrees,temperature 22 degrees,stretch,train,/mnt/jfs_hpc/home/ron.andrei.soriano/sandbox/VCM-v2/data_new/wavs/stretch/TEMPERATURE/temperature 22 degrees.wav
temperature 26 degrees 1.wav,TEMPERATURE,temperature 26 degrees,temperature 26 degrees,clean,val,/mnt/jfs_hpc/home/ron.andrei.soriano/sandbox/VCM-v2/data_new/wavs/clean/TEMPERATURE/temperature 26 degrees.wav
temperature 26 degrees 1.wav,TEMPERATURE,temperature 26 degrees,temperature 26 degrees,hp80,train,/mnt/jfs_hpc/home/ron.andrei.soriano/sandbox/VCM-v2/data_new/wavs/hp80/TEMPERATURE/temperature 26 degrees.wav
temperature 26 degrees 1.wav,TEMPERATURE,temperature 26 degrees,temperature 26 degrees,rumble,train,/mnt/jfs_hpc/home/ron.andrei.soriano/sandbox/VCM-v2/data_new/wavs/rumble/TEMPERATURE/temperature 26 degrees.wav
temperature 26 degrees 1.wav,TEMPERATURE,temperature 26 degrees,temperature 26 degrees,white,train,/mnt/jfs_hpc/home/ron.andrei.soriano/sandbox/VCM-v2/data_new/wavs/white/TEMPERATURE/temperature 26 degrees.wav
temperature 26 degrees 1.wav,TEMPERATURE,temperature 26 degrees,temperature 26 degrees,babble,train,/mnt/jfs_hpc/home/ron.andrei.soriano/sandbox/VCM-v2/data_new/wavs/babble/TEMPERATURE/temperature 26 degrees.wav
temperature 26 degrees 1.wav,TEMPERATURE,temperature 26 degrees,temperature 26 degrees,reverb,train,/mnt/jfs_hpc/home/ron.andrei.soriano/sandbox/VCM-v2/data_new/wavs/reverb/TEMPERATURE/temperature 26 degrees.wav
temperature 26 degrees 1.wav,TEMPERATURE,temperature 26 degrees,temperature 26 degrees,pitch_up,train,/mnt/jfs_hpc/home/ron.andrei.soriano/sandbox/VCM-v2/data_new/wavs/pitch_up/TEMPERATURE/temperature 26 degrees.wav
temperature 26 degrees 1.wav,TEMPERATURE,temperature 26 degrees,temperature 26 degrees,pitch_down,train,/mnt/jfs_hpc/home/ron.andrei.soriano/sandbox/VCM-v2/data_new/wavs/pitch_down/TEMPERATURE/temperature 26 degrees.wav
temperature 26 degrees 1.wav,TEMPERATURE,temperature 26 degrees,temperature 26 degrees,stretch,train,/mnt/jfs_hpc/home/ron.andrei.soriano/sandbox/VCM-v2/data_new/wavs/stretch/TEMPERATURE/temperature 26 degrees.wav
temperature 26 degrees 2.wav,TEMPERATURE,temperature 26 degrees,temperature 26 degrees,clean,val,/mnt/jfs_hpc/home/ron.andrei.soriano/sandbox/VCM-v2/data_new/wavs/clean/TEMPERATURE/temperature 26 degrees.wav
temperature 26 degrees 2.wav,TEMPERATURE,temperature 26 degrees,temperature 26 degrees,hp80,train,/mnt/jfs_hpc/home/ron.andrei.soriano/sandbox/VCM-v2/data_new/wavs/hp80/TEMPERATURE/temperature 26 degrees.wav
temperature 26 degrees 2.wav,TEMPERATURE,temperature 26 degrees,temperature 26 degrees,rumble,train,/mnt/jfs_hpc/home/ron.andrei.soriano/sandbox/VCM-v2/data_new/wavs/rumble/TEMPERATURE/temperature 26 degrees.wav
temperature 26 degrees 2.wav,TEMPERATURE,temperature 26 degrees,temperature 26 degrees,white,train,/mnt/jfs_hpc/home/ron.andrei.soriano/sandbox/VCM-v2/data_new/wavs/white/TEMPERATURE/temperature 26 degrees.wav
temperature 26 degrees 2.wav,TEMPERATURE,temperature 26 degrees,temperature 26 degrees,babble,train,/mnt/jfs_hpc/home/ron.andrei.soriano/sandbox/VCM-v2/data_new/wavs/babble/TEMPERATURE/temperature 26 degrees.wav
temperature 26 degrees 2.wav,TEMPERATURE,temperature 26 degrees,temperature 26 degrees,reverb,train,/mnt/jfs_hpc/home/ron.andrei.soriano/sandbox/VCM-v2/data_new/wavs/reverb/TEMPERATURE/temperature 26 degrees.wav
temperature 26 degrees 2.wav,TEMPERATURE,temperature 26 degrees,temperature 26 degrees,pitch_up,train,/mnt/jfs_hpc/home/ron.andrei.soriano/sandbox/VCM-v2/data_new/wavs/pitch_up/TEMPERATURE/temperature 26 degrees.wav
temperature 26 degrees 2.wav,TEMPERATURE,temperature 26 degrees,temperature 26 degrees,pitch_down,train,/mnt/jfs_hpc/home/ron.andrei.soriano/sandbox/VCM-v2/data_new/wavs/pitch_down/TEMPERATURE/temperature 26 degrees.wav
temperature 26 degrees 2.wav,TEMPERATURE,temperature 26 degrees,temperature 26 degrees,stretch,train,/mnt/jfs_hpc/home/ron.andrei.soriano/sandbox/VCM-v2/data_new/wavs/stretch/TEMPERATURE/temperature 26 degrees.wav
temperature 26 degrees 3.wav,TEMPERATURE,temperature 26 degrees,temperature 26 degrees,clean,val,/mnt/jfs_hpc/home/ron.andrei.soriano/sandbox/VCM-v2/data_new/wavs/clean/TEMPERATURE/temperature 26 degrees.wav
temperature 26 degrees 3.wav,TEMPERATURE,temperature 26 degrees,temperature 26 degrees,hp80,train,/mnt/jfs_hpc/home/ron.andrei.soriano/sandbox/VCM-v2/data_new/wavs/hp80/TEMPERATURE/temperature 26 degrees.wav
temperature 26 degrees 3.wav,TEMPERATURE,temperature 26 degrees,temperature 26 degrees,rumble,train,/mnt/jfs_hpc/home/ron.andrei.soriano/sandbox/VCM-v2/data_new/wavs/rumble/TEMPERATURE/temperature 26 degrees.wav
temperature 26 degrees 3.wav,TEMPERATURE,temperature 26 degrees,temperature 26 degrees,white,train,/mnt/jfs_hpc/home/ron.andrei.soriano/sandbox/VCM-v2/data_new/wavs/white/TEMPERATURE/temperature 26 degrees.wav
temperature 26 degrees 3.wav,TEMPERATURE,temperature 26 degrees,temperature 26 degrees,babble,train,/mnt/jfs_hpc/home/ron.andrei.soriano/sandbox/VCM-v2/data_new/wavs/babble/TEMPERATURE/temperature 26 degrees.wav
temperature 26 degrees 3.wav,TEMPERATURE,temperature 26 degrees,temperature 26 degrees,reverb,train,/mnt/jfs_hpc/home/ron.andrei.soriano/sandbox/VCM-v2/data_new/wavs/reverb/TEMPERATURE/temperature 26 degrees.wav
temperature 26 degrees 3.wav,TEMPERATURE,temperature 26 degrees,temperature 26 degrees,pitch_up,train,/mnt/jfs_hpc/home/ron.andrei.soriano/sandbox/VCM-v2/data_new/wavs/pitch_up/TEMPERATURE/temperature 26 degrees.wav
temperature 26 degrees 3.wav,TEMPERATURE,temperature 26 degrees,temperature 26 degrees,pitch_down,train,/mnt/jfs_hpc/home/ron.andrei.soriano/sandbox/VCM-v2/data_new/wavs/pitch_down/TEMPERATURE/temperature 26 degrees.wav
temperature 26 degrees 3.wav,TEMPERATURE,temperature 26 degrees,temperature 26 degrees,stretch,train,/mnt/jfs_hpc/home/ron.andrei.soriano/sandbox/VCM-v2/data_new/wavs/stretch/TEMPERATURE/temperature 26 degrees.wav
tell me the time 1.wav,TIME,tell me the time,tell me the time,clean,val,/mnt/jfs_hpc/home/ron.andrei.soriano/sandbox/VCM-v2/data_new/wavs/clean/TIME/tell me the time.wav
tell me the time 1.wav,TIME,tell me the time,tell me the time,hp80,train,/mnt/jfs_hpc/home/ron.andrei.soriano/sandbox/VCM-v2/data_new/wavs/hp80/TIME/tell me the time.wav
tell me the time 1.wav,TIME,tell me the time,tell me the time,rumble,train,/mnt/jfs_hpc/home/ron.andrei.soriano/sandbox/VCM-v2/data_new/wavs/rumble/TIME/tell me the time.wav
tell me the time 1.wav,TIME,tell me the time,tell me the time,white,train,/mnt/jfs_hpc/home/ron.andrei.soriano/sandbox/VCM-v2/data_new/wavs/white/TIME/tell me the time.wav
tell me the time 1.wav,TIME,tell me the time,tell me the time,babble,train,/mnt/jfs_hpc/home/ron.andrei.soriano/sandbox/VCM-v2/data_new/wavs/babble/TIME/tell me the time.wav
tell me the time 1.wav,TIME,tell me the time,tell me the time,reverb,train,/mnt/jfs_hpc/home/ron.andrei.soriano/sandbox/VCM-v2/data_new/wavs/reverb/TIME/tell me the time.wav
tell me the time 1.wav,TIME,tell me the time,tell me the time,pitch_up,train,/mnt/jfs_hpc/home/ron.andrei.soriano/sandbox/VCM-v2/data_new/wavs/pitch_up/TIME/tell me the time.wav
tell me the time 1.wav,TIME,tell me the time,tell me the time,pitch_down,train,/mnt/jfs_hpc/home/ron.andrei.soriano/sandbox/VCM-v2/data_new/wavs/pitch_down/TIME/tell me the time.wav
tell me the time 1.wav,TIME,tell me the time,tell me the time,stretch,train,/mnt/jfs_hpc/home/ron.andrei.soriano/sandbox/VCM-v2/data_new/wavs/stretch/TIME/tell me the time.wav
tell me the time 2.wav,TIME,tell me the time,tell me the time,clean,val,/mnt/jfs_hpc/home/ron.andrei.soriano/sandbox/VCM-v2/data_new/wavs/clean/TIME/tell me the time.wav
tell me the time 2.wav,TIME,tell me the time,tell me the time,hp80,train,/mnt/jfs_hpc/home/ron.andrei.soriano/sandbox/VCM-v2/data_new/wavs/hp80/TIME/tell me the time.wav
tell me the time 2.wav,TIME,tell me the time,tell me the time,rumble,train,/mnt/jfs_hpc/home/ron.andrei.soriano/sandbox/VCM-v2/data_new/wavs/rumble/TIME/tell me the time.wav
tell me the time 2.wav,TIME,tell me the time,tell me the time,white,train,/mnt/jfs_hpc/home/ron.andrei.soriano/sandbox/VCM-v2/data_new/wavs/white/TIME/tell me the time.wav
tell me the time 2.wav,TIME,tell me the time,tell me the time,babble,train,/mnt/jfs_hpc/home/ron.andrei.soriano/sandbox/VCM-v2/data_new/wavs/babble/TIME/tell me the time.wav
tell me the time 2.wav,TIME,tell me the time,tell me the time,reverb,train,/mnt/jfs_hpc/home/ron.andrei.soriano/sandbox/VCM-v2/data_new/wavs/reverb/TIME/tell me the time.wav
tell me the time 2.wav,TIME,tell me the time,tell me the time,pitch_up,train,/mnt/jfs_hpc/home/ron.andrei.soriano/sandbox/VCM-v2/data_new/wavs/pitch_up/TIME/tell me the time.wav
tell me the time 2.wav,TIME,tell me the time,tell me the time,pitch_down,train,/mnt/jfs_hpc/home/ron.andrei.soriano/sandbox/VCM-v2/data_new/wavs/pitch_down/TIME/tell me the time.wav
tell me the time 2.wav,TIME,tell me the time,tell me the time,stretch,train,/mnt/jfs_hpc/home/ron.andrei.soriano/sandbox/VCM-v2/data_new/wavs/stretch/TIME/tell me the time.wav
tell me the time 3.wav,TIME,tell me the time,tell me the time,clean,val,/mnt/jfs_hpc/home/ron.andrei.soriano/sandbox/VCM-v2/data_new/wavs/clean/TIME/tell me the time.wav
tell me the time 3.wav,TIME,tell me the time,tell me the time,hp80,train,/mnt/jfs_hpc/home/ron.andrei.soriano/sandbox/VCM-v2/data_new/wavs/hp80/TIME/tell me the time.wav
tell me the time 3.wav,TIME,tell me the time,tell me the time,rumble,train,/mnt/jfs_hpc/home/ron.andrei.soriano/sandbox/VCM-v2/data_new/wavs/rumble/TIME/tell me the time.wav
tell me the time 3.wav,TIME,tell me the time,tell me the time,white,train,/mnt/jfs_hpc/home/ron.andrei.soriano/sandbox/VCM-v2/data_new/wavs/white/TIME/tell me the time.wav
tell me the time 3.wav,TIME,tell me the time,tell me the time,babble,train,/mnt/jfs_hpc/home/ron.andrei.soriano/sandbox/VCM-v2/data_new/wavs/babble/TIME/tell me the time.wav
tell me the time 3.wav,TIME,tell me the time,tell me the time,reverb,train,/mnt/jfs_hpc/home/ron.andrei.soriano/sandbox/VCM-v2/data_new/wavs/reverb/TIME/tell me the time.wav
tell me the time 3.wav,TIME,tell me the time,tell me the time,pitch_up,train,/mnt/jfs_hpc/home/ron.andrei.soriano/sandbox/VCM-v2/data_new/wavs/pitch_up/TIME/tell me the time.wav
tell me the time 3.wav,TIME,tell me the time,tell me the time,pitch_down,train,/mnt/jfs_hpc/home/ron.andrei.soriano/sandbox/VCM-v2/data_new/wavs/pitch_down/TIME/tell me the time.wav
tell me the time 3.wav,TIME,tell me the time,tell me the time,stretch,train,/mnt/jfs_hpc/home/ron.andrei.soriano/sandbox/VCM-v2/data_new/wavs/stretch/TIME/tell me the time.wav
time 1.wav,TIME,time,time,clean,val,/mnt/jfs_hpc/home/ron.andrei.soriano/sandbox/VCM-v2/data_new/wavs/clean/TIME/time.wav
time 1.wav,TIME,time,time,hp80,train,/mnt/jfs_hpc/home/ron.andrei.soriano/sandbox/VCM-v2/data_new/wavs/hp80/TIME/time.wav
time 1.wav,TIME,time,time,rumble,train,/mnt/jfs_hpc/home/ron.andrei.soriano/sandbox/VCM-v2/data_new/wavs/rumble/TIME/time.wav
time 1.wav,TIME,time,time,white,train,/mnt/jfs_hpc/home/ron.andrei.soriano/sandbox/VCM-v2/data_new/wavs/white/TIME/time.wav
time 1.wav,TIME,time,time,babble,train,/mnt/jfs_hpc/home/ron.andrei.soriano/sandbox/VCM-v2/data_new/wavs/babble/TIME/time.wav
time 1.wav,TIME,time,time,reverb,train,/mnt/jfs_hpc/home/ron.andrei.soriano/sandbox/VCM-v2/data_new/wavs/reverb/TIME/time.wav
time 1.wav,TIME,time,time,pitch_up,train,/mnt/jfs_hpc/home/ron.andrei.soriano/sandbox/VCM-v2/data_new/wavs/pitch_up/TIME/time.wav
time 1.wav,TIME,time,time,pitch_down,train,/mnt/jfs_hpc/home/ron.andrei.soriano/sandbox/VCM-v2/data_new/wavs/pitch_down/TIME/time.wav
time 1.wav,TIME,time,time,stretch,train,/mnt/jfs_hpc/home/ron.andrei.soriano/sandbox/VCM-v2/data_new/wavs/stretch/TIME/time.wav
time 2.wav,TIME,time,time,clean,val,/mnt/jfs_hpc/home/ron.andrei.soriano/sandbox/VCM-v2/data_new/wavs/clean/TIME/time.wav
time 2.wav,TIME,time,time,hp80,train,/mnt/jfs_hpc/home/ron.andrei.soriano/sandbox/VCM-v2/data_new/wavs/hp80/TIME/time.wav
time 2.wav,TIME,time,time,rumble,train,/mnt/jfs_hpc/home/ron.andrei.soriano/sandbox/VCM-v2/data_new/wavs/rumble/TIME/time.wav
time 2.wav,TIME,time,time,white,train,/mnt/jfs_hpc/home/ron.andrei.soriano/sandbox/VCM-v2/data_new/wavs/white/TIME/time.wav
time 2.wav,TIME,time,time,babble,train,/mnt/jfs_hpc/home/ron.andrei.soriano/sandbox/VCM-v2/data_new/wavs/babble/TIME/time.wav
time 2.wav,TIME,time,time,reverb,train,/mnt/jfs_hpc/home/ron.andrei.soriano/sandbox/VCM-v2/data_new/wavs/reverb/TIME/time.wav
time 2.wav,TIME,time,time,pitch_up,train,/mnt/jfs_hpc/home/ron.andrei.soriano/sandbox/VCM-v2/data_new/wavs/pitch_up/TIME/time.wav
time 2.wav,TIME,time,time,pitch_down,train,/mnt/jfs_hpc/home/ron.andrei.soriano/sandbox/VCM-v2/data_new/wavs/pitch_down/TIME/time.wav
time 2.wav,TIME,time,time,stretch,train,/mnt/jfs_hpc/home/ron.andrei.soriano/sandbox/VCM-v2/data_new/wavs/stretch/TIME/time.wav
time 3.wav,TIME,time,time,clean,val,/mnt/jfs_hpc/home/ron.andrei.soriano/sandbox/VCM-v2/data_new/wavs/clean/TIME/time.wav
time 3.wav,TIME,time,time,hp80,train,/mnt/jfs_hpc/home/ron.andrei.soriano/sandbox/VCM-v2/data_new/wavs/hp80/TIME/time.wav
time 3.wav,TIME,time,time,rumble,train,/mnt/jfs_hpc/home/ron.andrei.soriano/sandbox/VCM-v2/data_new/wavs/rumble/TIME/time.wav
time 3.wav,TIME,time,time,white,train,/mnt/jfs_hpc/home/ron.andrei.soriano/sandbox/VCM-v2/data_new/wavs/white/TIME/time.wav
time 3.wav,TIME,time,time,babble,train,/mnt/jfs_hpc/home/ron.andrei.soriano/sandbox/VCM-v2/data_new/wavs/babble/TIME/time.wav
time 3.wav,TIME,time,time,reverb,train,/mnt/jfs_hpc/home/ron.andrei.soriano/sandbox/VCM-v2/data_new/wavs/reverb/TIME/time.wav
time 3.wav,TIME,time,time,pitch_up,train,/mnt/jfs_hpc/home/ron.andrei.soriano/sandbox/VCM-v2/data_new/wavs/pitch_up/TIME/time.wav
time 3.wav,TIME,time,time,pitch_down,train,/mnt/jfs_hpc/home/ron.andrei.soriano/sandbox/VCM-v2/data_new/wavs/pitch_down/TIME/time.wav
time 3.wav,TIME,time,time,stretch,train,/mnt/jfs_hpc/home/ron.andrei.soriano/sandbox/VCM-v2/data_new/wavs/stretch/TIME/time.wav
what time is it 1.wav,TIME,what time is it,what time is it,clean,val,/mnt/jfs_hpc/home/ron.andrei.soriano/sandbox/VCM-v2/data_new/wavs/clean/TIME/what time is it.wav
what time is it 1.wav,TIME,what time is it,what time is it,hp80,train,/mnt/jfs_hpc/home/ron.andrei.soriano/sandbox/VCM-v2/data_new/wavs/hp80/TIME/what time is it.wav
what time is it 1.wav,TIME,what time is it,what time is it,rumble,train,/mnt/jfs_hpc/home/ron.andrei.soriano/sandbox/VCM-v2/data_new/wavs/rumble/TIME/what time is it.wav
what time is it 1.wav,TIME,what time is it,what time is it,white,train,/mnt/jfs_hpc/home/ron.andrei.soriano/sandbox/VCM-v2/data_new/wavs/white/TIME/what time is it.wav
what time is it 1.wav,TIME,what time is it,what time is it,babble,train,/mnt/jfs_hpc/home/ron.andrei.soriano/sandbox/VCM-v2/data_new/wavs/babble/TIME/what time is it.wav
what time is it 1.wav,TIME,what time is it,what time is it,reverb,train,/mnt/jfs_hpc/home/ron.andrei.soriano/sandbox/VCM-v2/data_new/wavs/reverb/TIME/what time is it.wav
what time is it 1.wav,TIME,what time is it,what time is it,pitch_up,train,/mnt/jfs_hpc/home/ron.andrei.soriano/sandbox/VCM-v2/data_new/wavs/pitch_up/TIME/what time is it.wav
what time is it 1.wav,TIME,what time is it,what time is it,pitch_down,train,/mnt/jfs_hpc/home/ron.andrei.soriano/sandbox/VCM-v2/data_new/wavs/pitch_down/TIME/what time is it.wav
what time is it 1.wav,TIME,what time is it,what time is it,stretch,train,/mnt/jfs_hpc/home/ron.andrei.soriano/sandbox/VCM-v2/data_new/wavs/stretch/TIME/what time is it.wav
what time is it 3.wav,TIME,what time is it,what time is it,clean,val,/mnt/jfs_hpc/home/ron.andrei.soriano/sandbox/VCM-v2/data_new/wavs/clean/TIME/what time is it.wav
what time is it 3.wav,TIME,what time is it,what time is it,hp80,train,/mnt/jfs_hpc/home/ron.andrei.soriano/sandbox/VCM-v2/data_new/wavs/hp80/TIME/what time is it.wav
what time is it 3.wav,TIME,what time is it,what time is it,rumble,train,/mnt/jfs_hpc/home/ron.andrei.soriano/sandbox/VCM-v2/data_new/wavs/rumble/TIME/what time is it.wav
what time is it 3.wav,TIME,what time is it,what time is it,white,train,/mnt/jfs_hpc/home/ron.andrei.soriano/sandbox/VCM-v2/data_new/wavs/white/TIME/what time is it.wav
what time is it 3.wav,TIME,what time is it,what time is it,babble,train,/mnt/jfs_hpc/home/ron.andrei.soriano/sandbox/VCM-v2/data_new/wavs/babble/TIME/what time is it.wav
what time is it 3.wav,TIME,what time is it,what time is it,reverb,train,/mnt/jfs_hpc/home/ron.andrei.soriano/sandbox/VCM-v2/data_new/wavs/reverb/TIME/what time is it.wav
what time is it 3.wav,TIME,what time is it,what time is it,pitch_up,train,/mnt/jfs_hpc/home/ron.andrei.soriano/sandbox/VCM-v2/data_new/wavs/pitch_up/TIME/what time is it.wav
what time is it 3.wav,TIME,what time is it,what time is it,pitch_down,train,/mnt/jfs_hpc/home/ron.andrei.soriano/sandbox/VCM-v2/data_new/wavs/pitch_down/TIME/what time is it.wav
what time is it 3.wav,TIME,what time is it,what time is it,stretch,train,/mnt/jfs_hpc/home/ron.andrei.soriano/sandbox/VCM-v2/data_new/wavs/stretch/TIME/what time is it.wav
what time is it.wav,TIME,what time is it,what time is it,clean,val,/mnt/jfs_hpc/home/ron.andrei.soriano/sandbox/VCM-v2/data_new/wavs/clean/TIME/what time is it.wav
what time is it.wav,TIME,what time is it,what time is it,hp80,train,/mnt/jfs_hpc/home/ron.andrei.soriano/sandbox/VCM-v2/data_new/wavs/hp80/TIME/what time is it.wav
what time is it.wav,TIME,what time is it,what time is it,rumble,train,/mnt/jfs_hpc/home/ron.andrei.soriano/sandbox/VCM-v2/data_new/wavs/rumble/TIME/what time is it.wav
what time is it.wav,TIME,what time is it,what time is it,white,train,/mnt/jfs_hpc/home/ron.andrei.soriano/sandbox/VCM-v2/data_new/wavs/white/TIME/what time is it.wav
what time is it.wav,TIME,what time is it,what time is it,babble,train,/mnt/jfs_hpc/home/ron.andrei.soriano/sandbox/VCM-v2/data_new/wavs/babble/TIME/what time is it.wav
what time is it.wav,TIME,what time is it,what time is it,reverb,train,/mnt/jfs_hpc/home/ron.andrei.soriano/sandbox/VCM-v2/data_new/wavs/reverb/TIME/what time is it.wav
what time is it.wav,TIME,what time is it,what time is it,pitch_up,train,/mnt/jfs_hpc/home/ron.andrei.soriano/sandbox/VCM-v2/data_new/wavs/pitch_up/TIME/what time is it.wav
what time is it.wav,TIME,what time is it,what time is it,pitch_down,train,/mnt/jfs_hpc/home/ron.andrei.soriano/sandbox/VCM-v2/data_new/wavs/pitch_down/TIME/what time is it.wav
what time is it.wav,TIME,what time is it,what time is it,stretch,train,/mnt/jfs_hpc/home/ron.andrei.soriano/sandbox/VCM-v2/data_new/wavs/stretch/TIME/what time is it.wav
timer 1 minute 1.wav,TIMER,timer 1 minute,timer 1 minute,clean,val,/mnt/jfs_hpc/home/ron.andrei.soriano/sandbox/VCM-v2/data_new/wavs/clean/TIMER/timer 1 minute.wav
timer 1 minute 1.wav,TIMER,timer 1 minute,timer 1 minute,hp80,train,/mnt/jfs_hpc/home/ron.andrei.soriano/sandbox/VCM-v2/data_new/wavs/hp80/TIMER/timer 1 minute.wav
timer 1 minute 1.wav,TIMER,timer 1 minute,timer 1 minute,rumble,train,/mnt/jfs_hpc/home/ron.andrei.soriano/sandbox/VCM-v2/data_new/wavs/rumble/TIMER/timer 1 minute.wav
timer 1 minute 1.wav,TIMER,timer 1 minute,timer 1 minute,white,train,/mnt/jfs_hpc/home/ron.andrei.soriano/sandbox/VCM-v2/data_new/wavs/white/TIMER/timer 1 minute.wav
timer 1 minute 1.wav,TIMER,timer 1 minute,timer 1 minute,babble,train,/mnt/jfs_hpc/home/ron.andrei.soriano/sandbox/VCM-v2/data_new/wavs/babble/TIMER/timer 1 minute.wav
timer 1 minute 1.wav,TIMER,timer 1 minute,timer 1 minute,reverb,train,/mnt/jfs_hpc/home/ron.andrei.soriano/sandbox/VCM-v2/data_new/wavs/reverb/TIMER/timer 1 minute.wav
timer 1 minute 1.wav,TIMER,timer 1 minute,timer 1 minute,pitch_up,train,/mnt/jfs_hpc/home/ron.andrei.soriano/sandbox/VCM-v2/data_new/wavs/pitch_up/TIMER/timer 1 minute.wav
timer 1 minute 1.wav,TIMER,timer 1 minute,timer 1 minute,pitch_down,train,/mnt/jfs_hpc/home/ron.andrei.soriano/sandbox/VCM-v2/data_new/wavs/pitch_down/TIMER/timer 1 minute.wav
timer 1 minute 1.wav,TIMER,timer 1 minute,timer 1 minute,stretch,train,/mnt/jfs_hpc/home/ron.andrei.soriano/sandbox/VCM-v2/data_new/wavs/stretch/TIMER/timer 1 minute.wav
timer 1 minute 2.wav,TIMER,timer 1 minute,timer 1 minute,clean,val,/mnt/jfs_hpc/home/ron.andrei.soriano/sandbox/VCM-v2/data_new/wavs/clean/TIMER/timer 1 minute.wav
timer 1 minute 2.wav,TIMER,timer 1 minute,timer 1 minute,hp80,train,/mnt/jfs_hpc/home/ron.andrei.soriano/sandbox/VCM-v2/data_new/wavs/hp80/TIMER/timer 1 minute.wav
timer 1 minute 2.wav,TIMER,timer 1 minute,timer 1 minute,rumble,train,/mnt/jfs_hpc/home/ron.andrei.soriano/sandbox/VCM-v2/data_new/wavs/rumble/TIMER/timer 1 minute.wav
timer 1 minute 2.wav,TIMER,timer 1 minute,timer 1 minute,white,train,/mnt/jfs_hpc/home/ron.andrei.soriano/sandbox/VCM-v2/data_new/wavs/white/TIMER/timer 1 minute.wav
timer 1 minute 2.wav,TIMER,timer 1 minute,timer 1 minute,babble,train,/mnt/jfs_hpc/home/ron.andrei.soriano/sandbox/VCM-v2/data_new/wavs/babble/TIMER/timer 1 minute.wav
timer 1 minute 2.wav,TIMER,timer 1 minute,timer 1 minute,reverb,train,/mnt/jfs_hpc/home/ron.andrei.soriano/sandbox/VCM-v2/data_new/wavs/reverb/TIMER/timer 1 minute.wav
timer 1 minute 2.wav,TIMER,timer 1 minute,timer 1 minute,pitch_up,train,/mnt/jfs_hpc/home/ron.andrei.soriano/sandbox/VCM-v2/data_new/wavs/pitch_up/TIMER/timer 1 minute.wav
timer 1 minute 2.wav,TIMER,timer 1 minute,timer 1 minute,pitch_down,train,/mnt/jfs_hpc/home/ron.andrei.soriano/sandbox/VCM-v2/data_new/wavs/pitch_down/TIMER/timer 1 minute.wav
timer 1 minute 2.wav,TIMER,timer 1 minute,timer 1 minute,stretch,train,/mnt/jfs_hpc/home/ron.andrei.soriano/sandbox/VCM-v2/data_new/wavs/stretch/TIMER/timer 1 minute.wav
timer 1 minute 3.wav,TIMER,timer 1 minute,timer 1 minute,clean,val,/mnt/jfs_hpc/home/ron.andrei.soriano/sandbox/VCM-v2/data_new/wavs/clean/TIMER/timer 1 minute.wav
timer 1 minute 3.wav,TIMER,timer 1 minute,timer 1 minute,hp80,train,/mnt/jfs_hpc/home/ron.andrei.soriano/sandbox/VCM-v2/data_new/wavs/hp80/TIMER/timer 1 minute.wav
timer 1 minute 3.wav,TIMER,timer 1 minute,timer 1 minute,rumble,train,/mnt/jfs_hpc/home/ron.andrei.soriano/sandbox/VCM-v2/data_new/wavs/rumble/TIMER/timer 1 minute.wav
timer 1 minute 3.wav,TIMER,timer 1 minute,timer 1 minute,white,train,/mnt/jfs_hpc/home/ron.andrei.soriano/sandbox/VCM-v2/data_new/wavs/white/TIMER/timer 1 minute.wav
timer 1 minute 3.wav,TIMER,timer 1 minute,timer 1 minute,babble,train,/mnt/jfs_hpc/home/ron.andrei.soriano/sandbox/VCM-v2/data_new/wavs/babble/TIMER/timer 1 minute.wav
timer 1 minute 3.wav,TIMER,timer 1 minute,timer 1 minute,reverb,train,/mnt/jfs_hpc/home/ron.andrei.soriano/sandbox/VCM-v2/data_new/wavs/reverb/TIMER/timer 1 minute.wav
timer 1 minute 3.wav,TIMER,timer 1 minute,timer 1 minute,pitch_up,train,/mnt/jfs_hpc/home/ron.andrei.soriano/sandbox/VCM-v2/data_new/wavs/pitch_up/TIMER/timer 1 minute.wav
timer 1 minute 3.wav,TIMER,timer 1 minute,timer 1 minute,pitch_down,train,/mnt/jfs_hpc/home/ron.andrei.soriano/sandbox/VCM-v2/data_new/wavs/pitch_down/TIMER/timer 1 minute.wav
timer 1 minute 3.wav,TIMER,timer 1 minute,timer 1 minute,stretch,train,/mnt/jfs_hpc/home/ron.andrei.soriano/sandbox/VCM-v2/data_new/wavs/stretch/TIMER/timer 1 minute.wav
timer 10 seconds 1.wav,TIMER,timer 10 seconds,timer 10 seconds,clean,val,/mnt/jfs_hpc/home/ron.andrei.soriano/sandbox/VCM-v2/data_new/wavs/clean/TIMER/timer 10 seconds.wav
timer 10 seconds 1.wav,TIMER,timer 10 seconds,timer 10 seconds,hp80,train,/mnt/jfs_hpc/home/ron.andrei.soriano/sandbox/VCM-v2/data_new/wavs/hp80/TIMER/timer 10 seconds.wav
timer 10 seconds 1.wav,TIMER,timer 10 seconds,timer 10 seconds,rumble,train,/mnt/jfs_hpc/home/ron.andrei.soriano/sandbox/VCM-v2/data_new/wavs/rumble/TIMER/timer 10 seconds.wav
timer 10 seconds 1.wav,TIMER,timer 10 seconds,timer 10 seconds,white,train,/mnt/jfs_hpc/home/ron.andrei.soriano/sandbox/VCM-v2/data_new/wavs/white/TIMER/timer 10 seconds.wav
timer 10 seconds 1.wav,TIMER,timer 10 seconds,timer 10 seconds,babble,train,/mnt/jfs_hpc/home/ron.andrei.soriano/sandbox/VCM-v2/data_new/wavs/babble/TIMER/timer 10 seconds.wav
timer 10 seconds 1.wav,TIMER,timer 10 seconds,timer 10 seconds,reverb,train,/mnt/jfs_hpc/home/ron.andrei.soriano/sandbox/VCM-v2/data_new/wavs/reverb/TIMER/timer 10 seconds.wav
timer 10 seconds 1.wav,TIMER,timer 10 seconds,timer 10 seconds,pitch_up,train,/mnt/jfs_hpc/home/ron.andrei.soriano/sandbox/VCM-v2/data_new/wavs/pitch_up/TIMER/timer 10 seconds.wav
timer 10 seconds 1.wav,TIMER,timer 10 seconds,timer 10 seconds,pitch_down,train,/mnt/jfs_hpc/home/ron.andrei.soriano/sandbox/VCM-v2/data_new/wavs/pitch_down/TIMER/timer 10 seconds.wav
timer 10 seconds 1.wav,TIMER,timer 10 seconds,timer 10 seconds,stretch,train,/mnt/jfs_hpc/home/ron.andrei.soriano/sandbox/VCM-v2/data_new/wavs/stretch/TIMER/timer 10 seconds.wav
timer 10 seconds 2.wav,TIMER,timer 10 seconds,timer 10 seconds,clean,val,/mnt/jfs_hpc/home/ron.andrei.soriano/sandbox/VCM-v2/data_new/wavs/clean/TIMER/timer 10 seconds.wav
timer 10 seconds 2.wav,TIMER,timer 10 seconds,timer 10 seconds,hp80,train,/mnt/jfs_hpc/home/ron.andrei.soriano/sandbox/VCM-v2/data_new/wavs/hp80/TIMER/timer 10 seconds.wav
timer 10 seconds 2.wav,TIMER,timer 10 seconds,timer 10 seconds,rumble,train,/mnt/jfs_hpc/home/ron.andrei.soriano/sandbox/VCM-v2/data_new/wavs/rumble/TIMER/timer 10 seconds.wav
timer 10 seconds 2.wav,TIMER,timer 10 seconds,timer 10 seconds,white,train,/mnt/jfs_hpc/home/ron.andrei.soriano/sandbox/VCM-v2/data_new/wavs/white/TIMER/timer 10 seconds.wav
timer 10 seconds 2.wav,TIMER,timer 10 seconds,timer 10 seconds,babble,train,/mnt/jfs_hpc/home/ron.andrei.soriano/sandbox/VCM-v2/data_new/wavs/babble/TIMER/timer 10 seconds.wav
timer 10 seconds 2.wav,TIMER,timer 10 seconds,timer 10 seconds,reverb,train,/mnt/jfs_hpc/home/ron.andrei.soriano/sandbox/VCM-v2/data_new/wavs/reverb/TIMER/timer 10 seconds.wav
timer 10 seconds 2.wav,TIMER,timer 10 seconds,timer 10 seconds,pitch_up,train,/mnt/jfs_hpc/home/ron.andrei.soriano/sandbox/VCM-v2/data_new/wavs/pitch_up/TIMER/timer 10 seconds.wav
timer 10 seconds 2.wav,TIMER,timer 10 seconds,timer 10 seconds,pitch_down,train,/mnt/jfs_hpc/home/ron.andrei.soriano/sandbox/VCM-v2/data_new/wavs/pitch_down/TIMER/timer 10 seconds.wav
timer 10 seconds 2.wav,TIMER,timer 10 seconds,timer 10 seconds,stretch,train,/mnt/jfs_hpc/home/ron.andrei.soriano/sandbox/VCM-v2/data_new/wavs/stretch/TIMER/timer 10 seconds.wav
timer 10 seconds 3.wav,TIMER,timer 10 seconds,timer 10 seconds,clean,val,/mnt/jfs_hpc/home/ron.andrei.soriano/sandbox/VCM-v2/data_new/wavs/clean/TIMER/timer 10 seconds.wav
timer 10 seconds 3.wav,TIMER,timer 10 seconds,timer 10 seconds,hp80,train,/mnt/jfs_hpc/home/ron.andrei.soriano/sandbox/VCM-v2/data_new/wavs/hp80/TIMER/timer 10 seconds.wav
timer 10 seconds 3.wav,TIMER,timer 10 seconds,timer 10 seconds,rumble,train,/mnt/jfs_hpc/home/ron.andrei.soriano/sandbox/VCM-v2/data_new/wavs/rumble/TIMER/timer 10 seconds.wav
timer 10 seconds 3.wav,TIMER,timer 10 seconds,timer 10 seconds,white,train,/mnt/jfs_hpc/home/ron.andrei.soriano/sandbox/VCM-v2/data_new/wavs/white/TIMER/timer 10 seconds.wav
timer 10 seconds 3.wav,TIMER,timer 10 seconds,timer 10 seconds,babble,train,/mnt/jfs_hpc/home/ron.andrei.soriano/sandbox/VCM-v2/data_new/wavs/babble/TIMER/timer 10 seconds.wav
timer 10 seconds 3.wav,TIMER,timer 10 seconds,timer 10 seconds,reverb,train,/mnt/jfs_hpc/home/ron.andrei.soriano/sandbox/VCM-v2/data_new/wavs/reverb/TIMER/timer 10 seconds.wav
timer 10 seconds 3.wav,TIMER,timer 10 seconds,timer 10 seconds,pitch_up,train,/mnt/jfs_hpc/home/ron.andrei.soriano/sandbox/VCM-v2/data_new/wavs/pitch_up/TIMER/timer 10 seconds.wav
timer 10 seconds 3.wav,TIMER,timer 10 seconds,timer 10 seconds,pitch_down,train,/mnt/jfs_hpc/home/ron.andrei.soriano/sandbox/VCM-v2/data_new/wavs/pitch_down/TIMER/timer 10 seconds.wav
timer 10 seconds 3.wav,TIMER,timer 10 seconds,timer 10 seconds,stretch,train,/mnt/jfs_hpc/home/ron.andrei.soriano/sandbox/VCM-v2/data_new/wavs/stretch/TIMER/timer 10 seconds.wav
timer 30 seconds 1.wav,TIMER,timer 30 seconds,timer 30 seconds,clean,val,/mnt/jfs_hpc/home/ron.andrei.soriano/sandbox/VCM-v2/data_new/wavs/clean/TIMER/timer 30 seconds.wav
timer 30 seconds 1.wav,TIMER,timer 30 seconds,timer 30 seconds,hp80,train,/mnt/jfs_hpc/home/ron.andrei.soriano/sandbox/VCM-v2/data_new/wavs/hp80/TIMER/timer 30 seconds.wav
timer 30 seconds 1.wav,TIMER,timer 30 seconds,timer 30 seconds,rumble,train,/mnt/jfs_hpc/home/ron.andrei.soriano/sandbox/VCM-v2/data_new/wavs/rumble/TIMER/timer 30 seconds.wav
timer 30 seconds 1.wav,TIMER,timer 30 seconds,timer 30 seconds,white,train,/mnt/jfs_hpc/home/ron.andrei.soriano/sandbox/VCM-v2/data_new/wavs/white/TIMER/timer 30 seconds.wav
timer 30 seconds 1.wav,TIMER,timer 30 seconds,timer 30 seconds,babble,train,/mnt/jfs_hpc/home/ron.andrei.soriano/sandbox/VCM-v2/data_new/wavs/babble/TIMER/timer 30 seconds.wav
timer 30 seconds 1.wav,TIMER,timer 30 seconds,timer 30 seconds,reverb,train,/mnt/jfs_hpc/home/ron.andrei.soriano/sandbox/VCM-v2/data_new/wavs/reverb/TIMER/timer 30 seconds.wav
timer 30 seconds 1.wav,TIMER,timer 30 seconds,timer 30 seconds,pitch_up,train,/mnt/jfs_hpc/home/ron.andrei.soriano/sandbox/VCM-v2/data_new/wavs/pitch_up/TIMER/timer 30 seconds.wav
timer 30 seconds 1.wav,TIMER,timer 30 seconds,timer 30 seconds,pitch_down,train,/mnt/jfs_hpc/home/ron.andrei.soriano/sandbox/VCM-v2/data_new/wavs/pitch_down/TIMER/timer 30 seconds.wav
timer 30 seconds 1.wav,TIMER,timer 30 seconds,timer 30 seconds,stretch,train,/mnt/jfs_hpc/home/ron.andrei.soriano/sandbox/VCM-v2/data_new/wavs/stretch/TIMER/timer 30 seconds.wav
timer 30 seconds 2.wav,TIMER,timer 30 seconds,timer 30 seconds,clean,val,/mnt/jfs_hpc/home/ron.andrei.soriano/sandbox/VCM-v2/data_new/wavs/clean/TIMER/timer 30 seconds.wav
timer 30 seconds 2.wav,TIMER,timer 30 seconds,timer 30 seconds,hp80,train,/mnt/jfs_hpc/home/ron.andrei.soriano/sandbox/VCM-v2/data_new/wavs/hp80/TIMER/timer 30 seconds.wav
timer 30 seconds 2.wav,TIMER,timer 30 seconds,timer 30 seconds,rumble,train,/mnt/jfs_hpc/home/ron.andrei.soriano/sandbox/VCM-v2/data_new/wavs/rumble/TIMER/timer 30 seconds.wav
timer 30 seconds 2.wav,TIMER,timer 30 seconds,timer 30 seconds,white,train,/mnt/jfs_hpc/home/ron.andrei.soriano/sandbox/VCM-v2/data_new/wavs/white/TIMER/timer 30 seconds.wav
timer 30 seconds 2.wav,TIMER,timer 30 seconds,timer 30 seconds,babble,train,/mnt/jfs_hpc/home/ron.andrei.soriano/sandbox/VCM-v2/data_new/wavs/babble/TIMER/timer 30 seconds.wav
timer 30 seconds 2.wav,TIMER,timer 30 seconds,timer 30 seconds,reverb,train,/mnt/jfs_hpc/home/ron.andrei.soriano/sandbox/VCM-v2/data_new/wavs/reverb/TIMER/timer 30 seconds.wav
timer 30 seconds 2.wav,TIMER,timer 30 seconds,timer 30 seconds,pitch_up,train,/mnt/jfs_hpc/home/ron.andrei.soriano/sandbox/VCM-v2/data_new/wavs/pitch_up/TIMER/timer 30 seconds.wav
timer 30 seconds 2.wav,TIMER,timer 30 seconds,timer 30 seconds,pitch_down,train,/mnt/jfs_hpc/home/ron.andrei.soriano/sandbox/VCM-v2/data_new/wavs/pitch_down/TIMER/timer 30 seconds.wav
timer 30 seconds 2.wav,TIMER,timer 30 seconds,timer 30 seconds,stretch,train,/mnt/jfs_hpc/home/ron.andrei.soriano/sandbox/VCM-v2/data_new/wavs/stretch/TIMER/timer 30 seconds.wav
timer 30 seconds 3.wav,TIMER,timer 30 seconds,timer 30 seconds,clean,val,/mnt/jfs_hpc/home/ron.andrei.soriano/sandbox/VCM-v2/data_new/wavs/clean/TIMER/timer 30 seconds.wav
timer 30 seconds 3.wav,TIMER,timer 30 seconds,timer 30 seconds,hp80,train,/mnt/jfs_hpc/home/ron.andrei.soriano/sandbox/VCM-v2/data_new/wavs/hp80/TIMER/timer 30 seconds.wav
timer 30 seconds 3.wav,TIMER,timer 30 seconds,timer 30 seconds,rumble,train,/mnt/jfs_hpc/home/ron.andrei.soriano/sandbox/VCM-v2/data_new/wavs/rumble/TIMER/timer 30 seconds.wav
timer 30 seconds 3.wav,TIMER,timer 30 seconds,timer 30 seconds,white,train,/mnt/jfs_hpc/home/ron.andrei.soriano/sandbox/VCM-v2/data_new/wavs/white/TIMER/timer 30 seconds.wav
timer 30 seconds 3.wav,TIMER,timer 30 seconds,timer 30 seconds,babble,train,/mnt/jfs_hpc/home/ron.andrei.soriano/sandbox/VCM-v2/data_new/wavs/babble/TIMER/timer 30 seconds.wav
timer 30 seconds 3.wav,TIMER,timer 30 seconds,timer 30 seconds,reverb,train,/mnt/jfs_hpc/home/ron.andrei.soriano/sandbox/VCM-v2/data_new/wavs/reverb/TIMER/timer 30 seconds.wav
timer 30 seconds 3.wav,TIMER,timer 30 seconds,timer 30 seconds,pitch_up,train,/mnt/jfs_hpc/home/ron.andrei.soriano/sandbox/VCM-v2/data_new/wavs/pitch_up/TIMER/timer 30 seconds.wav
timer 30 seconds 3.wav,TIMER,timer 30 seconds,timer 30 seconds,pitch_down,train,/mnt/jfs_hpc/home/ron.andrei.soriano/sandbox/VCM-v2/data_new/wavs/pitch_down/TIMER/timer 30 seconds.wav
timer 30 seconds 3.wav,TIMER,timer 30 seconds,timer 30 seconds,stretch,train,/mnt/jfs_hpc/home/ron.andrei.soriano/sandbox/VCM-v2/data_new/wavs/stretch/TIMER/timer 30 seconds.wav
lower the volume 1.wav,VOLUME_DOWN,lower the volume,lower the volume,clean,val,/mnt/jfs_hpc/home/ron.andrei.soriano/sandbox/VCM-v2/data_new/wavs/clean/VOLUME_DOWN/lower the volume.wav
lower the volume 1.wav,VOLUME_DOWN,lower the volume,lower the volume,hp80,train,/mnt/jfs_hpc/home/ron.andrei.soriano/sandbox/VCM-v2/data_new/wavs/hp80/VOLUME_DOWN/lower the volume.wav
lower the volume 1.wav,VOLUME_DOWN,lower the volume,lower the volume,rumble,train,/mnt/jfs_hpc/home/ron.andrei.soriano/sandbox/VCM-v2/data_new/wavs/rumble/VOLUME_DOWN/lower the volume.wav
lower the volume 1.wav,VOLUME_DOWN,lower the volume,lower the volume,white,train,/mnt/jfs_hpc/home/ron.andrei.soriano/sandbox/VCM-v2/data_new/wavs/white/VOLUME_DOWN/lower the volume.wav
lower the volume 1.wav,VOLUME_DOWN,lower the volume,lower the volume,babble,train,/mnt/jfs_hpc/home/ron.andrei.soriano/sandbox/VCM-v2/data_new/wavs/babble/VOLUME_DOWN/lower the volume.wav
lower the volume 1.wav,VOLUME_DOWN,lower the volume,lower the volume,reverb,train,/mnt/jfs_hpc/home/ron.andrei.soriano/sandbox/VCM-v2/data_new/wavs/reverb/VOLUME_DOWN/lower the volume.wav
lower the volume 1.wav,VOLUME_DOWN,lower the volume,lower the volume,pitch_up,train,/mnt/jfs_hpc/home/ron.andrei.soriano/sandbox/VCM-v2/data_new/wavs/pitch_up/VOLUME_DOWN/lower the volume.wav
lower the volume 1.wav,VOLUME_DOWN,lower the volume,lower the volume,pitch_down,train,/mnt/jfs_hpc/home/ron.andrei.soriano/sandbox/VCM-v2/data_new/wavs/pitch_down/VOLUME_DOWN/lower the volume.wav
lower the volume 1.wav,VOLUME_DOWN,lower the volume,lower the volume,stretch,train,/mnt/jfs_hpc/home/ron.andrei.soriano/sandbox/VCM-v2/data_new/wavs/stretch/VOLUME_DOWN/lower the volume.wav
lower the volume 2.wav,VOLUME_DOWN,lower the volume,lower the volume,clean,val,/mnt/jfs_hpc/home/ron.andrei.soriano/sandbox/VCM-v2/data_new/wavs/clean/VOLUME_DOWN/lower the volume.wav
lower the volume 2.wav,VOLUME_DOWN,lower the volume,lower the volume,hp80,train,/mnt/jfs_hpc/home/ron.andrei.soriano/sandbox/VCM-v2/data_new/wavs/hp80/VOLUME_DOWN/lower the volume.wav
lower the volume 2.wav,VOLUME_DOWN,lower the volume,lower the volume,rumble,train,/mnt/jfs_hpc/home/ron.andrei.soriano/sandbox/VCM-v2/data_new/wavs/rumble/VOLUME_DOWN/lower the volume.wav
lower the volume 2.wav,VOLUME_DOWN,lower the volume,lower the volume,white,train,/mnt/jfs_hpc/home/ron.andrei.soriano/sandbox/VCM-v2/data_new/wavs/white/VOLUME_DOWN/lower the volume.wav
lower the volume 2.wav,VOLUME_DOWN,lower the volume,lower the volume,babble,train,/mnt/jfs_hpc/home/ron.andrei.soriano/sandbox/VCM-v2/data_new/wavs/babble/VOLUME_DOWN/lower the volume.wav
lower the volume 2.wav,VOLUME_DOWN,lower the volume,lower the volume,reverb,train,/mnt/jfs_hpc/home/ron.andrei.soriano/sandbox/VCM-v2/data_new/wavs/reverb/VOLUME_DOWN/lower the volume.wav
lower the volume 2.wav,VOLUME_DOWN,lower the volume,lower the volume,pitch_up,train,/mnt/jfs_hpc/home/ron.andrei.soriano/sandbox/VCM-v2/data_new/wavs/pitch_up/VOLUME_DOWN/lower the volume.wav
lower the volume 2.wav,VOLUME_DOWN,lower the volume,lower the volume,pitch_down,train,/mnt/jfs_hpc/home/ron.andrei.soriano/sandbox/VCM-v2/data_new/wavs/pitch_down/VOLUME_DOWN/lower the volume.wav
lower the volume 2.wav,VOLUME_DOWN,lower the volume,lower the volume,stretch,train,/mnt/jfs_hpc/home/ron.andrei.soriano/sandbox/VCM-v2/data_new/wavs/stretch/VOLUME_DOWN/lower the volume.wav
lower the volume 3.wav,VOLUME_DOWN,lower the volume,lower the volume,clean,val,/mnt/jfs_hpc/home/ron.andrei.soriano/sandbox/VCM-v2/data_new/wavs/clean/VOLUME_DOWN/lower the volume.wav
lower the volume 3.wav,VOLUME_DOWN,lower the volume,lower the volume,hp80,train,/mnt/jfs_hpc/home/ron.andrei.soriano/sandbox/VCM-v2/data_new/wavs/hp80/VOLUME_DOWN/lower the volume.wav
lower the volume 3.wav,VOLUME_DOWN,lower the volume,lower the volume,rumble,train,/mnt/jfs_hpc/home/ron.andrei.soriano/sandbox/VCM-v2/data_new/wavs/rumble/VOLUME_DOWN/lower the volume.wav
lower the volume 3.wav,VOLUME_DOWN,lower the volume,lower the volume,white,train,/mnt/jfs_hpc/home/ron.andrei.soriano/sandbox/VCM-v2/data_new/wavs/white/VOLUME_DOWN/lower the volume.wav
lower the volume 3.wav,VOLUME_DOWN,lower the volume,lower the volume,babble,train,/mnt/jfs_hpc/home/ron.andrei.soriano/sandbox/VCM-v2/data_new/wavs/babble/VOLUME_DOWN/lower the volume.wav
lower the volume 3.wav,VOLUME_DOWN,lower the volume,lower the volume,reverb,train,/mnt/jfs_hpc/home/ron.andrei.soriano/sandbox/VCM-v2/data_new/wavs/reverb/VOLUME_DOWN/lower the volume.wav
lower the volume 3.wav,VOLUME_DOWN,lower the volume,lower the volume,pitch_up,train,/mnt/jfs_hpc/home/ron.andrei.soriano/sandbox/VCM-v2/data_new/wavs/pitch_up/VOLUME_DOWN/lower the volume.wav
lower the volume 3.wav,VOLUME_DOWN,lower the volume,lower the volume,pitch_down,train,/mnt/jfs_hpc/home/ron.andrei.soriano/sandbox/VCM-v2/data_new/wavs/pitch_down/VOLUME_DOWN/lower the volume.wav
lower the volume 3.wav,VOLUME_DOWN,lower the volume,lower the volume,stretch,train,/mnt/jfs_hpc/home/ron.andrei.soriano/sandbox/VCM-v2/data_new/wavs/stretch/VOLUME_DOWN/lower the volume.wav
turn the volume down 1.wav,VOLUME_DOWN,turn the volume down,turn the volume down,clean,val,/mnt/jfs_hpc/home/ron.andrei.soriano/sandbox/VCM-v2/data_new/wavs/clean/VOLUME_DOWN/turn the volume down.wav
turn the volume down 1.wav,VOLUME_DOWN,turn the volume down,turn the volume down,hp80,train,/mnt/jfs_hpc/home/ron.andrei.soriano/sandbox/VCM-v2/data_new/wavs/hp80/VOLUME_DOWN/turn the volume down.wav
turn the volume down 1.wav,VOLUME_DOWN,turn the volume down,turn the volume down,rumble,train,/mnt/jfs_hpc/home/ron.andrei.soriano/sandbox/VCM-v2/data_new/wavs/rumble/VOLUME_DOWN/turn the volume down.wav
turn the volume down 1.wav,VOLUME_DOWN,turn the volume down,turn the volume down,white,train,/mnt/jfs_hpc/home/ron.andrei.soriano/sandbox/VCM-v2/data_new/wavs/white/VOLUME_DOWN/turn the volume down.wav
turn the volume down 1.wav,VOLUME_DOWN,turn the volume down,turn the volume down,babble,train,/mnt/jfs_hpc/home/ron.andrei.soriano/sandbox/VCM-v2/data_new/wavs/babble/VOLUME_DOWN/turn the volume down.wav
turn the volume down 1.wav,VOLUME_DOWN,turn the volume down,turn the volume down,reverb,train,/mnt/jfs_hpc/home/ron.andrei.soriano/sandbox/VCM-v2/data_new/wavs/reverb/VOLUME_DOWN/turn the volume down.wav
turn the volume down 1.wav,VOLUME_DOWN,turn the volume down,turn the volume down,pitch_up,train,/mnt/jfs_hpc/home/ron.andrei.soriano/sandbox/VCM-v2/data_new/wavs/pitch_up/VOLUME_DOWN/turn the volume down.wav
turn the volume down 1.wav,VOLUME_DOWN,turn the volume down,turn the volume down,pitch_down,train,/mnt/jfs_hpc/home/ron.andrei.soriano/sandbox/VCM-v2/data_new/wavs/pitch_down/VOLUME_DOWN/turn the volume down.wav
turn the volume down 1.wav,VOLUME_DOWN,turn the volume down,turn the volume down,stretch,train,/mnt/jfs_hpc/home/ron.andrei.soriano/sandbox/VCM-v2/data_new/wavs/stretch/VOLUME_DOWN/turn the volume down.wav
turn the volume down 2.wav,VOLUME_DOWN,turn the volume down,turn the volume down,clean,val,/mnt/jfs_hpc/home/ron.andrei.soriano/sandbox/VCM-v2/data_new/wavs/clean/VOLUME_DOWN/turn the volume down.wav
turn the volume down 2.wav,VOLUME_DOWN,turn the volume down,turn the volume down,hp80,train,/mnt/jfs_hpc/home/ron.andrei.soriano/sandbox/VCM-v2/data_new/wavs/hp80/VOLUME_DOWN/turn the volume down.wav
turn the volume down 2.wav,VOLUME_DOWN,turn the volume down,turn the volume down,rumble,train,/mnt/jfs_hpc/home/ron.andrei.soriano/sandbox/VCM-v2/data_new/wavs/rumble/VOLUME_DOWN/turn the volume down.wav
turn the volume down 2.wav,VOLUME_DOWN,turn the volume down,turn the volume down,white,train,/mnt/jfs_hpc/home/ron.andrei.soriano/sandbox/VCM-v2/data_new/wavs/white/VOLUME_DOWN/turn the volume down.wav
turn the volume down 2.wav,VOLUME_DOWN,turn the volume down,turn the volume down,babble,train,/mnt/jfs_hpc/home/ron.andrei.soriano/sandbox/VCM-v2/data_new/wavs/babble/VOLUME_DOWN/turn the volume down.wav
turn the volume down 2.wav,VOLUME_DOWN,turn the volume down,turn the volume down,reverb,train,/mnt/jfs_hpc/home/ron.andrei.soriano/sandbox/VCM-v2/data_new/wavs/reverb/VOLUME_DOWN/turn the volume down.wav
turn the volume down 2.wav,VOLUME_DOWN,turn the volume down,turn the volume down,pitch_up,train,/mnt/jfs_hpc/home/ron.andrei.soriano/sandbox/VCM-v2/data_new/wavs/pitch_up/VOLUME_DOWN/turn the volume down.wav
turn the volume down 2.wav,VOLUME_DOWN,turn the volume down,turn the volume down,pitch_down,train,/mnt/jfs_hpc/home/ron.andrei.soriano/sandbox/VCM-v2/data_new/wavs/pitch_down/VOLUME_DOWN/turn the volume down.wav
turn the volume down 2.wav,VOLUME_DOWN,turn the volume down,turn the volume down,stretch,train,/mnt/jfs_hpc/home/ron.andrei.soriano/sandbox/VCM-v2/data_new/wavs/stretch/VOLUME_DOWN/turn the volume down.wav
turn the volume down 3.wav,VOLUME_DOWN,turn the volume down,turn the volume down,clean,val,/mnt/jfs_hpc/home/ron.andrei.soriano/sandbox/VCM-v2/data_new/wavs/clean/VOLUME_DOWN/turn the volume down.wav
turn the volume down 3.wav,VOLUME_DOWN,turn the volume down,turn the volume down,hp80,train,/mnt/jfs_hpc/home/ron.andrei.soriano/sandbox/VCM-v2/data_new/wavs/hp80/VOLUME_DOWN/turn the volume down.wav
turn the volume down 3.wav,VOLUME_DOWN,turn the volume down,turn the volume down,rumble,train,/mnt/jfs_hpc/home/ron.andrei.soriano/sandbox/VCM-v2/data_new/wavs/rumble/VOLUME_DOWN/turn the volume down.wav
turn the volume down 3.wav,VOLUME_DOWN,turn the volume down,turn the volume down,white,train,/mnt/jfs_hpc/home/ron.andrei.soriano/sandbox/VCM-v2/data_new/wavs/white/VOLUME_DOWN/turn the volume down.wav
turn the volume down 3.wav,VOLUME_DOWN,turn the volume down,turn the volume down,babble,train,/mnt/jfs_hpc/home/ron.andrei.soriano/sandbox/VCM-v2/data_new/wavs/babble/VOLUME_DOWN/turn the volume down.wav
turn the volume down 3.wav,VOLUME_DOWN,turn the volume down,turn the volume down,reverb,train,/mnt/jfs_hpc/home/ron.andrei.soriano/sandbox/VCM-v2/data_new/wavs/reverb/VOLUME_DOWN/turn the volume down.wav
turn the volume down 3.wav,VOLUME_DOWN,turn the volume down,turn the volume down,pitch_up,train,/mnt/jfs_hpc/home/ron.andrei.soriano/sandbox/VCM-v2/data_new/wavs/pitch_up/VOLUME_DOWN/turn the volume down.wav
turn the volume down 3.wav,VOLUME_DOWN,turn the volume down,turn the volume down,pitch_down,train,/mnt/jfs_hpc/home/ron.andrei.soriano/sandbox/VCM-v2/data_new/wavs/pitch_down/VOLUME_DOWN/turn the volume down.wav
turn the volume down 3.wav,VOLUME_DOWN,turn the volume down,turn the volume down,stretch,train,/mnt/jfs_hpc/home/ron.andrei.soriano/sandbox/VCM-v2/data_new/wavs/stretch/VOLUME_DOWN/turn the volume down.wav
volume down 1.wav,VOLUME_DOWN,volume down,volume down,clean,val,/mnt/jfs_hpc/home/ron.andrei.soriano/sandbox/VCM-v2/data_new/wavs/clean/VOLUME_DOWN/volume down.wav
volume down 1.wav,VOLUME_DOWN,volume down,volume down,hp80,train,/mnt/jfs_hpc/home/ron.andrei.soriano/sandbox/VCM-v2/data_new/wavs/hp80/VOLUME_DOWN/volume down.wav
volume down 1.wav,VOLUME_DOWN,volume down,volume down,rumble,train,/mnt/jfs_hpc/home/ron.andrei.soriano/sandbox/VCM-v2/data_new/wavs/rumble/VOLUME_DOWN/volume down.wav
volume down 1.wav,VOLUME_DOWN,volume down,volume down,white,train,/mnt/jfs_hpc/home/ron.andrei.soriano/sandbox/VCM-v2/data_new/wavs/white/VOLUME_DOWN/volume down.wav
volume down 1.wav,VOLUME_DOWN,volume down,volume down,babble,train,/mnt/jfs_hpc/home/ron.andrei.soriano/sandbox/VCM-v2/data_new/wavs/babble/VOLUME_DOWN/volume down.wav
volume down 1.wav,VOLUME_DOWN,volume down,volume down,reverb,train,/mnt/jfs_hpc/home/ron.andrei.soriano/sandbox/VCM-v2/data_new/wavs/reverb/VOLUME_DOWN/volume down.wav
volume down 1.wav,VOLUME_DOWN,volume down,volume down,pitch_up,train,/mnt/jfs_hpc/home/ron.andrei.soriano/sandbox/VCM-v2/data_new/wavs/pitch_up/VOLUME_DOWN/volume down.wav
volume down 1.wav,VOLUME_DOWN,volume down,volume down,pitch_down,train,/mnt/jfs_hpc/home/ron.andrei.soriano/sandbox/VCM-v2/data_new/wavs/pitch_down/VOLUME_DOWN/volume down.wav
volume down 1.wav,VOLUME_DOWN,volume down,volume down,stretch,train,/mnt/jfs_hpc/home/ron.andrei.soriano/sandbox/VCM-v2/data_new/wavs/stretch/VOLUME_DOWN/volume down.wav
volume down 2.wav,VOLUME_DOWN,volume down,volume down,clean,val,/mnt/jfs_hpc/home/ron.andrei.soriano/sandbox/VCM-v2/data_new/wavs/clean/VOLUME_DOWN/volume down.wav
volume down 2.wav,VOLUME_DOWN,volume down,volume down,hp80,train,/mnt/jfs_hpc/home/ron.andrei.soriano/sandbox/VCM-v2/data_new/wavs/hp80/VOLUME_DOWN/volume down.wav
volume down 2.wav,VOLUME_DOWN,volume down,volume down,rumble,train,/mnt/jfs_hpc/home/ron.andrei.soriano/sandbox/VCM-v2/data_new/wavs/rumble/VOLUME_DOWN/volume down.wav
volume down 2.wav,VOLUME_DOWN,volume down,volume down,white,train,/mnt/jfs_hpc/home/ron.andrei.soriano/sandbox/VCM-v2/data_new/wavs/white/VOLUME_DOWN/volume down.wav
volume down 2.wav,VOLUME_DOWN,volume down,volume down,babble,train,/mnt/jfs_hpc/home/ron.andrei.soriano/sandbox/VCM-v2/data_new/wavs/babble/VOLUME_DOWN/volume down.wav
volume down 2.wav,VOLUME_DOWN,volume down,volume down,reverb,train,/mnt/jfs_hpc/home/ron.andrei.soriano/sandbox/VCM-v2/data_new/wavs/reverb/VOLUME_DOWN/volume down.wav
volume down 2.wav,VOLUME_DOWN,volume down,volume down,pitch_up,train,/mnt/jfs_hpc/home/ron.andrei.soriano/sandbox/VCM-v2/data_new/wavs/pitch_up/VOLUME_DOWN/volume down.wav
volume down 2.wav,VOLUME_DOWN,volume down,volume down,pitch_down,train,/mnt/jfs_hpc/home/ron.andrei.soriano/sandbox/VCM-v2/data_new/wavs/pitch_down/VOLUME_DOWN/volume down.wav
volume down 2.wav,VOLUME_DOWN,volume down,volume down,stretch,train,/mnt/jfs_hpc/home/ron.andrei.soriano/sandbox/VCM-v2/data_new/wavs/stretch/VOLUME_DOWN/volume down.wav
volume down 3.wav,VOLUME_DOWN,volume down,volume down,clean,val,/mnt/jfs_hpc/home/ron.andrei.soriano/sandbox/VCM-v2/data_new/wavs/clean/VOLUME_DOWN/volume down.wav
volume down 3.wav,VOLUME_DOWN,volume down,volume down,hp80,train,/mnt/jfs_hpc/home/ron.andrei.soriano/sandbox/VCM-v2/data_new/wavs/hp80/VOLUME_DOWN/volume down.wav
volume down 3.wav,VOLUME_DOWN,volume down,volume down,rumble,train,/mnt/jfs_hpc/home/ron.andrei.soriano/sandbox/VCM-v2/data_new/wavs/rumble/VOLUME_DOWN/volume down.wav
volume down 3.wav,VOLUME_DOWN,volume down,volume down,white,train,/mnt/jfs_hpc/home/ron.andrei.soriano/sandbox/VCM-v2/data_new/wavs/white/VOLUME_DOWN/volume down.wav
volume down 3.wav,VOLUME_DOWN,volume down,volume down,babble,train,/mnt/jfs_hpc/home/ron.andrei.soriano/sandbox/VCM-v2/data_new/wavs/babble/VOLUME_DOWN/volume down.wav
volume down 3.wav,VOLUME_DOWN,volume down,volume down,reverb,train,/mnt/jfs_hpc/home/ron.andrei.soriano/sandbox/VCM-v2/data_new/wavs/reverb/VOLUME_DOWN/volume down.wav
volume down 3.wav,VOLUME_DOWN,volume down,volume down,pitch_up,train,/mnt/jfs_hpc/home/ron.andrei.soriano/sandbox/VCM-v2/data_new/wavs/pitch_up/VOLUME_DOWN/volume down.wav
volume down 3.wav,VOLUME_DOWN,volume down,volume down,pitch_down,train,/mnt/jfs_hpc/home/ron.andrei.soriano/sandbox/VCM-v2/data_new/wavs/pitch_down/VOLUME_DOWN/volume down.wav
volume down 3.wav,VOLUME_DOWN,volume down,volume down,stretch,train,/mnt/jfs_hpc/home/ron.andrei.soriano/sandbox/VCM-v2/data_new/wavs/stretch/VOLUME_DOWN/volume down.wav
increase the volume 1.wav,VOLUME_UP,increase the volume,increase the volume,clean,val,/mnt/jfs_hpc/home/ron.andrei.soriano/sandbox/VCM-v2/data_new/wavs/clean/VOLUME_UP/increase the volume.wav
increase the volume 1.wav,VOLUME_UP,increase the volume,increase the volume,hp80,train,/mnt/jfs_hpc/home/ron.andrei.soriano/sandbox/VCM-v2/data_new/wavs/hp80/VOLUME_UP/increase the volume.wav
increase the volume 1.wav,VOLUME_UP,increase the volume,increase the volume,rumble,train,/mnt/jfs_hpc/home/ron.andrei.soriano/sandbox/VCM-v2/data_new/wavs/rumble/VOLUME_UP/increase the volume.wav
increase the volume 1.wav,VOLUME_UP,increase the volume,increase the volume,white,train,/mnt/jfs_hpc/home/ron.andrei.soriano/sandbox/VCM-v2/data_new/wavs/white/VOLUME_UP/increase the volume.wav
increase the volume 1.wav,VOLUME_UP,increase the volume,increase the volume,babble,train,/mnt/jfs_hpc/home/ron.andrei.soriano/sandbox/VCM-v2/data_new/wavs/babble/VOLUME_UP/increase the volume.wav
increase the volume 1.wav,VOLUME_UP,increase the volume,increase the volume,reverb,train,/mnt/jfs_hpc/home/ron.andrei.soriano/sandbox/VCM-v2/data_new/wavs/reverb/VOLUME_UP/increase the volume.wav
increase the volume 1.wav,VOLUME_UP,increase the volume,increase the volume,pitch_up,train,/mnt/jfs_hpc/home/ron.andrei.soriano/sandbox/VCM-v2/data_new/wavs/pitch_up/VOLUME_UP/increase the volume.wav
increase the volume 1.wav,VOLUME_UP,increase the volume,increase the volume,pitch_down,train,/mnt/jfs_hpc/home/ron.andrei.soriano/sandbox/VCM-v2/data_new/wavs/pitch_down/VOLUME_UP/increase the volume.wav
increase the volume 1.wav,VOLUME_UP,increase the volume,increase the volume,stretch,train,/mnt/jfs_hpc/home/ron.andrei.soriano/sandbox/VCM-v2/data_new/wavs/stretch/VOLUME_UP/increase the volume.wav
increase the volume 2.wav,VOLUME_UP,increase the volume,increase the volume,clean,val,/mnt/jfs_hpc/home/ron.andrei.soriano/sandbox/VCM-v2/data_new/wavs/clean/VOLUME_UP/increase the volume.wav
increase the volume 2.wav,VOLUME_UP,increase the volume,increase the volume,hp80,train,/mnt/jfs_hpc/home/ron.andrei.soriano/sandbox/VCM-v2/data_new/wavs/hp80/VOLUME_UP/increase the volume.wav
increase the volume 2.wav,VOLUME_UP,increase the volume,increase the volume,rumble,train,/mnt/jfs_hpc/home/ron.andrei.soriano/sandbox/VCM-v2/data_new/wavs/rumble/VOLUME_UP/increase the volume.wav
increase the volume 2.wav,VOLUME_UP,increase the volume,increase the volume,white,train,/mnt/jfs_hpc/home/ron.andrei.soriano/sandbox/VCM-v2/data_new/wavs/white/VOLUME_UP/increase the volume.wav
increase the volume 2.wav,VOLUME_UP,increase the volume,increase the volume,babble,train,/mnt/jfs_hpc/home/ron.andrei.soriano/sandbox/VCM-v2/data_new/wavs/babble/VOLUME_UP/increase the volume.wav
increase the volume 2.wav,VOLUME_UP,increase the volume,increase the volume,reverb,train,/mnt/jfs_hpc/home/ron.andrei.soriano/sandbox/VCM-v2/data_new/wavs/reverb/VOLUME_UP/increase the volume.wav
increase the volume 2.wav,VOLUME_UP,increase the volume,increase the volume,pitch_up,train,/mnt/jfs_hpc/home/ron.andrei.soriano/sandbox/VCM-v2/data_new/wavs/pitch_up/VOLUME_UP/increase the volume.wav
increase the volume 2.wav,VOLUME_UP,increase the volume,increase the volume,pitch_down,train,/mnt/jfs_hpc/home/ron.andrei.soriano/sandbox/VCM-v2/data_new/wavs/pitch_down/VOLUME_UP/increase the volume.wav
increase the volume 2.wav,VOLUME_UP,increase the volume,increase the volume,stretch,train,/mnt/jfs_hpc/home/ron.andrei.soriano/sandbox/VCM-v2/data_new/wavs/stretch/VOLUME_UP/increase the volume.wav
increase the volume 3.wav,VOLUME_UP,increase the volume,increase the volume,clean,val,/mnt/jfs_hpc/home/ron.andrei.soriano/sandbox/VCM-v2/data_new/wavs/clean/VOLUME_UP/increase the volume.wav
increase the volume 3.wav,VOLUME_UP,increase the volume,increase the volume,hp80,train,/mnt/jfs_hpc/home/ron.andrei.soriano/sandbox/VCM-v2/data_new/wavs/hp80/VOLUME_UP/increase the volume.wav
increase the volume 3.wav,VOLUME_UP,increase the volume,increase the volume,rumble,train,/mnt/jfs_hpc/home/ron.andrei.soriano/sandbox/VCM-v2/data_new/wavs/rumble/VOLUME_UP/increase the volume.wav
increase the volume 3.wav,VOLUME_UP,increase the volume,increase the volume,white,train,/mnt/jfs_hpc/home/ron.andrei.soriano/sandbox/VCM-v2/data_new/wavs/white/VOLUME_UP/increase the volume.wav
increase the volume 3.wav,VOLUME_UP,increase the volume,increase the volume,babble,train,/mnt/jfs_hpc/home/ron.andrei.soriano/sandbox/VCM-v2/data_new/wavs/babble/VOLUME_UP/increase the volume.wav
increase the volume 3.wav,VOLUME_UP,increase the volume,increase the volume,reverb,train,/mnt/jfs_hpc/home/ron.andrei.soriano/sandbox/VCM-v2/data_new/wavs/reverb/VOLUME_UP/increase the volume.wav
increase the volume 3.wav,VOLUME_UP,increase the volume,increase the volume,pitch_up,train,/mnt/jfs_hpc/home/ron.andrei.soriano/sandbox/VCM-v2/data_new/wavs/pitch_up/VOLUME_UP/increase the volume.wav
increase the volume 3.wav,VOLUME_UP,increase the volume,increase the volume,pitch_down,train,/mnt/jfs_hpc/home/ron.andrei.soriano/sandbox/VCM-v2/data_new/wavs/pitch_down/VOLUME_UP/increase the volume.wav
increase the volume 3.wav,VOLUME_UP,increase the volume,increase the volume,stretch,train,/mnt/jfs_hpc/home/ron.andrei.soriano/sandbox/VCM-v2/data_new/wavs/stretch/VOLUME_UP/increase the volume.wav
turn the volume up 1.wav,VOLUME_UP,turn the volume up,turn the volume up,clean,val,/mnt/jfs_hpc/home/ron.andrei.soriano/sandbox/VCM-v2/data_new/wavs/clean/VOLUME_UP/turn the volume up.wav
turn the volume up 1.wav,VOLUME_UP,turn the volume up,turn the volume up,hp80,train,/mnt/jfs_hpc/home/ron.andrei.soriano/sandbox/VCM-v2/data_new/wavs/hp80/VOLUME_UP/turn the volume up.wav
turn the volume up 1.wav,VOLUME_UP,turn the volume up,turn the volume up,rumble,train,/mnt/jfs_hpc/home/ron.andrei.soriano/sandbox/VCM-v2/data_new/wavs/rumble/VOLUME_UP/turn the volume up.wav
turn the volume up 1.wav,VOLUME_UP,turn the volume up,turn the volume up,white,train,/mnt/jfs_hpc/home/ron.andrei.soriano/sandbox/VCM-v2/data_new/wavs/white/VOLUME_UP/turn the volume up.wav
turn the volume up 1.wav,VOLUME_UP,turn the volume up,turn the volume up,babble,train,/mnt/jfs_hpc/home/ron.andrei.soriano/sandbox/VCM-v2/data_new/wavs/babble/VOLUME_UP/turn the volume up.wav
turn the volume up 1.wav,VOLUME_UP,turn the volume up,turn the volume up,reverb,train,/mnt/jfs_hpc/home/ron.andrei.soriano/sandbox/VCM-v2/data_new/wavs/reverb/VOLUME_UP/turn the volume up.wav
turn the volume up 1.wav,VOLUME_UP,turn the volume up,turn the volume up,pitch_up,train,/mnt/jfs_hpc/home/ron.andrei.soriano/sandbox/VCM-v2/data_new/wavs/pitch_up/VOLUME_UP/turn the volume up.wav
turn the volume up 1.wav,VOLUME_UP,turn the volume up,turn the volume up,pitch_down,train,/mnt/jfs_hpc/home/ron.andrei.soriano/sandbox/VCM-v2/data_new/wavs/pitch_down/VOLUME_UP/turn the volume up.wav
turn the volume up 1.wav,VOLUME_UP,turn the volume up,turn the volume up,stretch,train,/mnt/jfs_hpc/home/ron.andrei.soriano/sandbox/VCM-v2/data_new/wavs/stretch/VOLUME_UP/turn the volume up.wav
turn the volume up 2.wav,VOLUME_UP,turn the volume up,turn the volume up,clean,val,/mnt/jfs_hpc/home/ron.andrei.soriano/sandbox/VCM-v2/data_new/wavs/clean/VOLUME_UP/turn the volume up.wav
turn the volume up 2.wav,VOLUME_UP,turn the volume up,turn the volume up,hp80,train,/mnt/jfs_hpc/home/ron.andrei.soriano/sandbox/VCM-v2/data_new/wavs/hp80/VOLUME_UP/turn the volume up.wav
turn the volume up 2.wav,VOLUME_UP,turn the volume up,turn the volume up,rumble,train,/mnt/jfs_hpc/home/ron.andrei.soriano/sandbox/VCM-v2/data_new/wavs/rumble/VOLUME_UP/turn the volume up.wav
turn the volume up 2.wav,VOLUME_UP,turn the volume up,turn the volume up,white,train,/mnt/jfs_hpc/home/ron.andrei.soriano/sandbox/VCM-v2/data_new/wavs/white/VOLUME_UP/turn the volume up.wav
turn the volume up 2.wav,VOLUME_UP,turn the volume up,turn the volume up,babble,train,/mnt/jfs_hpc/home/ron.andrei.soriano/sandbox/VCM-v2/data_new/wavs/babble/VOLUME_UP/turn the volume up.wav
turn the volume up 2.wav,VOLUME_UP,turn the volume up,turn the volume up,reverb,train,/mnt/jfs_hpc/home/ron.andrei.soriano/sandbox/VCM-v2/data_new/wavs/reverb/VOLUME_UP/turn the volume up.wav
turn the volume up 2.wav,VOLUME_UP,turn the volume up,turn the volume up,pitch_up,train,/mnt/jfs_hpc/home/ron.andrei.soriano/sandbox/VCM-v2/data_new/wavs/pitch_up/VOLUME_UP/turn the volume up.wav
turn the volume up 2.wav,VOLUME_UP,turn the volume up,turn the volume up,pitch_down,train,/mnt/jfs_hpc/home/ron.andrei.soriano/sandbox/VCM-v2/data_new/wavs/pitch_down/VOLUME_UP/turn the volume up.wav
turn the volume up 2.wav,VOLUME_UP,turn the volume up,turn the volume up,stretch,train,/mnt/jfs_hpc/home/ron.andrei.soriano/sandbox/VCM-v2/data_new/wavs/stretch/VOLUME_UP/turn the volume up.wav
turn the volume up 3.wav,VOLUME_UP,turn the volume up,turn the volume up,clean,val,/mnt/jfs_hpc/home/ron.andrei.soriano/sandbox/VCM-v2/data_new/wavs/clean/VOLUME_UP/turn the volume up.wav
turn the volume up 3.wav,VOLUME_UP,turn the volume up,turn the volume up,hp80,train,/mnt/jfs_hpc/home/ron.andrei.soriano/sandbox/VCM-v2/data_new/wavs/hp80/VOLUME_UP/turn the volume up.wav
turn the volume up 3.wav,VOLUME_UP,turn the volume up,turn the volume up,rumble,train,/mnt/jfs_hpc/home/ron.andrei.soriano/sandbox/VCM-v2/data_new/wavs/rumble/VOLUME_UP/turn the volume up.wav
turn the volume up 3.wav,VOLUME_UP,turn the volume up,turn the volume up,white,train,/mnt/jfs_hpc/home/ron.andrei.soriano/sandbox/VCM-v2/data_new/wavs/white/VOLUME_UP/turn the volume up.wav
turn the volume up 3.wav,VOLUME_UP,turn the volume up,turn the volume up,babble,train,/mnt/jfs_hpc/home/ron.andrei.soriano/sandbox/VCM-v2/data_new/wavs/babble/VOLUME_UP/turn the volume up.wav
turn the volume up 3.wav,VOLUME_UP,turn the volume up,turn the volume up,reverb,train,/mnt/jfs_hpc/home/ron.andrei.soriano/sandbox/VCM-v2/data_new/wavs/reverb/VOLUME_UP/turn the volume up.wav
turn the volume up 3.wav,VOLUME_UP,turn the volume up,turn the volume up,pitch_up,train,/mnt/jfs_hpc/home/ron.andrei.soriano/sandbox/VCM-v2/data_new/wavs/pitch_up/VOLUME_UP/turn the volume up.wav
turn the volume up 3.wav,VOLUME_UP,turn the volume up,turn the volume up,pitch_down,train,/mnt/jfs_hpc/home/ron.andrei.soriano/sandbox/VCM-v2/data_new/wavs/pitch_down/VOLUME_UP/turn the volume up.wav
turn the volume up 3.wav,VOLUME_UP,turn the volume up,turn the volume up,stretch,train,/mnt/jfs_hpc/home/ron.andrei.soriano/sandbox/VCM-v2/data_new/wavs/stretch/VOLUME_UP/turn the volume up.wav
volume up 1.wav,VOLUME_UP,volume up,volume up,clean,val,/mnt/jfs_hpc/home/ron.andrei.soriano/sandbox/VCM-v2/data_new/wavs/clean/VOLUME_UP/volume up.wav
volume up 1.wav,VOLUME_UP,volume up,volume up,hp80,train,/mnt/jfs_hpc/home/ron.andrei.soriano/sandbox/VCM-v2/data_new/wavs/hp80/VOLUME_UP/volume up.wav
volume up 1.wav,VOLUME_UP,volume up,volume up,rumble,train,/mnt/jfs_hpc/home/ron.andrei.soriano/sandbox/VCM-v2/data_new/wavs/rumble/VOLUME_UP/volume up.wav
volume up 1.wav,VOLUME_UP,volume up,volume up,white,train,/mnt/jfs_hpc/home/ron.andrei.soriano/sandbox/VCM-v2/data_new/wavs/white/VOLUME_UP/volume up.wav
volume up 1.wav,VOLUME_UP,volume up,volume up,babble,train,/mnt/jfs_hpc/home/ron.andrei.soriano/sandbox/VCM-v2/data_new/wavs/babble/VOLUME_UP/volume up.wav
volume up 1.wav,VOLUME_UP,volume up,volume up,reverb,train,/mnt/jfs_hpc/home/ron.andrei.soriano/sandbox/VCM-v2/data_new/wavs/reverb/VOLUME_UP/volume up.wav
volume up 1.wav,VOLUME_UP,volume up,volume up,pitch_up,train,/mnt/jfs_hpc/home/ron.andrei.soriano/sandbox/VCM-v2/data_new/wavs/pitch_up/VOLUME_UP/volume up.wav
volume up 1.wav,VOLUME_UP,volume up,volume up,pitch_down,train,/mnt/jfs_hpc/home/ron.andrei.soriano/sandbox/VCM-v2/data_new/wavs/pitch_down/VOLUME_UP/volume up.wav
volume up 1.wav,VOLUME_UP,volume up,volume up,stretch,train,/mnt/jfs_hpc/home/ron.andrei.soriano/sandbox/VCM-v2/data_new/wavs/stretch/VOLUME_UP/volume up.wav
volume up 3.wav,VOLUME_UP,volume up,volume up,clean,val,/mnt/jfs_hpc/home/ron.andrei.soriano/sandbox/VCM-v2/data_new/wavs/clean/VOLUME_UP/volume up.wav
volume up 3.wav,VOLUME_UP,volume up,volume up,hp80,train,/mnt/jfs_hpc/home/ron.andrei.soriano/sandbox/VCM-v2/data_new/wavs/hp80/VOLUME_UP/volume up.wav
volume up 3.wav,VOLUME_UP,volume up,volume up,rumble,train,/mnt/jfs_hpc/home/ron.andrei.soriano/sandbox/VCM-v2/data_new/wavs/rumble/VOLUME_UP/volume up.wav
volume up 3.wav,VOLUME_UP,volume up,volume up,white,train,/mnt/jfs_hpc/home/ron.andrei.soriano/sandbox/VCM-v2/data_new/wavs/white/VOLUME_UP/volume up.wav
volume up 3.wav,VOLUME_UP,volume up,volume up,babble,train,/mnt/jfs_hpc/home/ron.andrei.soriano/sandbox/VCM-v2/data_new/wavs/babble/VOLUME_UP/volume up.wav
volume up 3.wav,VOLUME_UP,volume up,volume up,reverb,train,/mnt/jfs_hpc/home/ron.andrei.soriano/sandbox/VCM-v2/data_new/wavs/reverb/VOLUME_UP/volume up.wav
volume up 3.wav,VOLUME_UP,volume up,volume up,pitch_up,train,/mnt/jfs_hpc/home/ron.andrei.soriano/sandbox/VCM-v2/data_new/wavs/pitch_up/VOLUME_UP/volume up.wav
volume up 3.wav,VOLUME_UP,volume up,volume up,pitch_down,train,/mnt/jfs_hpc/home/ron.andrei.soriano/sandbox/VCM-v2/data_new/wavs/pitch_down/VOLUME_UP/volume up.wav
volume up 3.wav,VOLUME_UP,volume up,volume up,stretch,train,/mnt/jfs_hpc/home/ron.andrei.soriano/sandbox/VCM-v2/data_new/wavs/stretch/VOLUME_UP/volume up.wav
voluyme up 2.wav,VOLUME_UP,voluyme up,volume up,clean,val,/mnt/jfs_hpc/home/ron.andrei.soriano/sandbox/VCM-v2/data_new/wavs/clean/VOLUME_UP/voluyme up.wav
voluyme up 2.wav,VOLUME_UP,voluyme up,volume up,hp80,train,/mnt/jfs_hpc/home/ron.andrei.soriano/sandbox/VCM-v2/data_new/wavs/hp80/VOLUME_UP/voluyme up.wav
voluyme up 2.wav,VOLUME_UP,voluyme up,volume up,rumble,train,/mnt/jfs_hpc/home/ron.andrei.soriano/sandbox/VCM-v2/data_new/wavs/rumble/VOLUME_UP/voluyme up.wav
voluyme up 2.wav,VOLUME_UP,voluyme up,volume up,white,train,/mnt/jfs_hpc/home/ron.andrei.soriano/sandbox/VCM-v2/data_new/wavs/white/VOLUME_UP/voluyme up.wav
voluyme up 2.wav,VOLUME_UP,voluyme up,volume up,babble,train,/mnt/jfs_hpc/home/ron.andrei.soriano/sandbox/VCM-v2/data_new/wavs/babble/VOLUME_UP/voluyme up.wav
voluyme up 2.wav,VOLUME_UP,voluyme up,volume up,reverb,train,/mnt/jfs_hpc/home/ron.andrei.soriano/sandbox/VCM-v2/data_new/wavs/reverb/VOLUME_UP/voluyme up.wav
voluyme up 2.wav,VOLUME_UP,voluyme up,volume up,pitch_up,train,/mnt/jfs_hpc/home/ron.andrei.soriano/sandbox/VCM-v2/data_new/wavs/pitch_up/VOLUME_UP/voluyme up.wav
voluyme up 2.wav,VOLUME_UP,voluyme up,volume up,pitch_down,train,/mnt/jfs_hpc/home/ron.andrei.soriano/sandbox/VCM-v2/data_new/wavs/pitch_down/VOLUME_UP/voluyme up.wav
voluyme up 2.wav,VOLUME_UP,voluyme up,volume up,stretch,train,/mnt/jfs_hpc/home/ron.andrei.soriano/sandbox/VCM-v2/data_new/wavs/stretch/VOLUME_UP/voluyme up.wav
tell me the weather 1.wav,WEATHER,tell me the weather,tell me the weather,clean,val,/mnt/jfs_hpc/home/ron.andrei.soriano/sandbox/VCM-v2/data_new/wavs/clean/WEATHER/tell me the weather.wav
tell me the weather 1.wav,WEATHER,tell me the weather,tell me the weather,hp80,train,/mnt/jfs_hpc/home/ron.andrei.soriano/sandbox/VCM-v2/data_new/wavs/hp80/WEATHER/tell me the weather.wav
tell me the weather 1.wav,WEATHER,tell me the weather,tell me the weather,rumble,train,/mnt/jfs_hpc/home/ron.andrei.soriano/sandbox/VCM-v2/data_new/wavs/rumble/WEATHER/tell me the weather.wav
tell me the weather 1.wav,WEATHER,tell me the weather,tell me the weather,white,train,/mnt/jfs_hpc/home/ron.andrei.soriano/sandbox/VCM-v2/data_new/wavs/white/WEATHER/tell me the weather.wav
tell me the weather 1.wav,WEATHER,tell me the weather,tell me the weather,babble,train,/mnt/jfs_hpc/home/ron.andrei.soriano/sandbox/VCM-v2/data_new/wavs/babble/WEATHER/tell me the weather.wav
tell me the weather 1.wav,WEATHER,tell me the weather,tell me the weather,reverb,train,/mnt/jfs_hpc/home/ron.andrei.soriano/sandbox/VCM-v2/data_new/wavs/reverb/WEATHER/tell me the weather.wav
tell me the weather 1.wav,WEATHER,tell me the weather,tell me the weather,pitch_up,train,/mnt/jfs_hpc/home/ron.andrei.soriano/sandbox/VCM-v2/data_new/wavs/pitch_up/WEATHER/tell me the weather.wav
tell me the weather 1.wav,WEATHER,tell me the weather,tell me the weather,pitch_down,train,/mnt/jfs_hpc/home/ron.andrei.soriano/sandbox/VCM-v2/data_new/wavs/pitch_down/WEATHER/tell me the weather.wav
tell me the weather 1.wav,WEATHER,tell me the weather,tell me the weather,stretch,train,/mnt/jfs_hpc/home/ron.andrei.soriano/sandbox/VCM-v2/data_new/wavs/stretch/WEATHER/tell me the weather.wav
tell me the weather 3.wav,WEATHER,tell me the weather,tell me the weather,clean,val,/mnt/jfs_hpc/home/ron.andrei.soriano/sandbox/VCM-v2/data_new/wavs/clean/WEATHER/tell me the weather.wav
tell me the weather 3.wav,WEATHER,tell me the weather,tell me the weather,hp80,train,/mnt/jfs_hpc/home/ron.andrei.soriano/sandbox/VCM-v2/data_new/wavs/hp80/WEATHER/tell me the weather.wav
tell me the weather 3.wav,WEATHER,tell me the weather,tell me the weather,rumble,train,/mnt/jfs_hpc/home/ron.andrei.soriano/sandbox/VCM-v2/data_new/wavs/rumble/WEATHER/tell me the weather.wav
tell me the weather 3.wav,WEATHER,tell me the weather,tell me the weather,white,train,/mnt/jfs_hpc/home/ron.andrei.soriano/sandbox/VCM-v2/data_new/wavs/white/WEATHER/tell me the weather.wav
tell me the weather 3.wav,WEATHER,tell me the weather,tell me the weather,babble,train,/mnt/jfs_hpc/home/ron.andrei.soriano/sandbox/VCM-v2/data_new/wavs/babble/WEATHER/tell me the weather.wav
tell me the weather 3.wav,WEATHER,tell me the weather,tell me the weather,reverb,train,/mnt/jfs_hpc/home/ron.andrei.soriano/sandbox/VCM-v2/data_new/wavs/reverb/WEATHER/tell me the weather.wav
tell me the weather 3.wav,WEATHER,tell me the weather,tell me the weather,pitch_up,train,/mnt/jfs_hpc/home/ron.andrei.soriano/sandbox/VCM-v2/data_new/wavs/pitch_up/WEATHER/tell me the weather.wav
tell me the weather 3.wav,WEATHER,tell me the weather,tell me the weather,pitch_down,train,/mnt/jfs_hpc/home/ron.andrei.soriano/sandbox/VCM-v2/data_new/wavs/pitch_down/WEATHER/tell me the weather.wav
tell me the weather 3.wav,WEATHER,tell me the weather,tell me the weather,stretch,train,/mnt/jfs_hpc/home/ron.andrei.soriano/sandbox/VCM-v2/data_new/wavs/stretch/WEATHER/tell me the weather.wav
tell me the weather.wav,WEATHER,tell me the weather,tell me the weather,clean,val,/mnt/jfs_hpc/home/ron.andrei.soriano/sandbox/VCM-v2/data_new/wavs/clean/WEATHER/tell me the weather.wav
tell me the weather.wav,WEATHER,tell me the weather,tell me the weather,hp80,train,/mnt/jfs_hpc/home/ron.andrei.soriano/sandbox/VCM-v2/data_new/wavs/hp80/WEATHER/tell me the weather.wav
tell me the weather.wav,WEATHER,tell me the weather,tell me the weather,rumble,train,/mnt/jfs_hpc/home/ron.andrei.soriano/sandbox/VCM-v2/data_new/wavs/rumble/WEATHER/tell me the weather.wav
tell me the weather.wav,WEATHER,tell me the weather,tell me the weather,white,train,/mnt/jfs_hpc/home/ron.andrei.soriano/sandbox/VCM-v2/data_new/wavs/white/WEATHER/tell me the weather.wav
tell me the weather.wav,WEATHER,tell me the weather,tell me the weather,babble,train,/mnt/jfs_hpc/home/ron.andrei.soriano/sandbox/VCM-v2/data_new/wavs/babble/WEATHER/tell me the weather.wav
tell me the weather.wav,WEATHER,tell me the weather,tell me the weather,reverb,train,/mnt/jfs_hpc/home/ron.andrei.soriano/sandbox/VCM-v2/data_new/wavs/reverb/WEATHER/tell me the weather.wav
tell me the weather.wav,WEATHER,tell me the weather,tell me the weather,pitch_up,train,/mnt/jfs_hpc/home/ron.andrei.soriano/sandbox/VCM-v2/data_new/wavs/pitch_up/WEATHER/tell me the weather.wav
tell me the weather.wav,WEATHER,tell me the weather,tell me the weather,pitch_down,train,/mnt/jfs_hpc/home/ron.andrei.soriano/sandbox/VCM-v2/data_new/wavs/pitch_down/WEATHER/tell me the weather.wav
tell me the weather.wav,WEATHER,tell me the weather,tell me the weather,stretch,train,/mnt/jfs_hpc/home/ron.andrei.soriano/sandbox/VCM-v2/data_new/wavs/stretch/WEATHER/tell me the weather.wav
weather 1.wav,WEATHER,weather,weather,clean,val,/mnt/jfs_hpc/home/ron.andrei.soriano/sandbox/VCM-v2/data_new/wavs/clean/WEATHER/weather.wav
weather 1.wav,WEATHER,weather,weather,hp80,train,/mnt/jfs_hpc/home/ron.andrei.soriano/sandbox/VCM-v2/data_new/wavs/hp80/WEATHER/weather.wav
weather 1.wav,WEATHER,weather,weather,rumble,train,/mnt/jfs_hpc/home/ron.andrei.soriano/sandbox/VCM-v2/data_new/wavs/rumble/WEATHER/weather.wav
weather 1.wav,WEATHER,weather,weather,white,train,/mnt/jfs_hpc/home/ron.andrei.soriano/sandbox/VCM-v2/data_new/wavs/white/WEATHER/weather.wav
weather 1.wav,WEATHER,weather,weather,babble,train,/mnt/jfs_hpc/home/ron.andrei.soriano/sandbox/VCM-v2/data_new/wavs/babble/WEATHER/weather.wav
weather 1.wav,WEATHER,weather,weather,reverb,train,/mnt/jfs_hpc/home/ron.andrei.soriano/sandbox/VCM-v2/data_new/wavs/reverb/WEATHER/weather.wav
weather 1.wav,WEATHER,weather,weather,pitch_up,train,/mnt/jfs_hpc/home/ron.andrei.soriano/sandbox/VCM-v2/data_new/wavs/pitch_up/WEATHER/weather.wav
weather 1.wav,WEATHER,weather,weather,pitch_down,train,/mnt/jfs_hpc/home/ron.andrei.soriano/sandbox/VCM-v2/data_new/wavs/pitch_down/WEATHER/weather.wav
weather 1.wav,WEATHER,weather,weather,stretch,train,/mnt/jfs_hpc/home/ron.andrei.soriano/sandbox/VCM-v2/data_new/wavs/stretch/WEATHER/weather.wav
weather 2.wav,WEATHER,weather,weather,clean,val,/mnt/jfs_hpc/home/ron.andrei.soriano/sandbox/VCM-v2/data_new/wavs/clean/WEATHER/weather.wav
weather 2.wav,WEATHER,weather,weather,hp80,train,/mnt/jfs_hpc/home/ron.andrei.soriano/sandbox/VCM-v2/data_new/wavs/hp80/WEATHER/weather.wav
weather 2.wav,WEATHER,weather,weather,rumble,train,/mnt/jfs_hpc/home/ron.andrei.soriano/sandbox/VCM-v2/data_new/wavs/rumble/WEATHER/weather.wav
weather 2.wav,WEATHER,weather,weather,white,train,/mnt/jfs_hpc/home/ron.andrei.soriano/sandbox/VCM-v2/data_new/wavs/white/WEATHER/weather.wav
weather 2.wav,WEATHER,weather,weather,babble,train,/mnt/jfs_hpc/home/ron.andrei.soriano/sandbox/VCM-v2/data_new/wavs/babble/WEATHER/weather.wav
weather 2.wav,WEATHER,weather,weather,reverb,train,/mnt/jfs_hpc/home/ron.andrei.soriano/sandbox/VCM-v2/data_new/wavs/reverb/WEATHER/weather.wav
weather 2.wav,WEATHER,weather,weather,pitch_up,train,/mnt/jfs_hpc/home/ron.andrei.soriano/sandbox/VCM-v2/data_new/wavs/pitch_up/WEATHER/weather.wav
weather 2.wav,WEATHER,weather,weather,pitch_down,train,/mnt/jfs_hpc/home/ron.andrei.soriano/sandbox/VCM-v2/data_new/wavs/pitch_down/WEATHER/weather.wav
weather 2.wav,WEATHER,weather,weather,stretch,train,/mnt/jfs_hpc/home/ron.andrei.soriano/sandbox/VCM-v2/data_new/wavs/stretch/WEATHER/weather.wav
weather 3.wav,WEATHER,weather,weather,clean,val,/mnt/jfs_hpc/home/ron.andrei.soriano/sandbox/VCM-v2/data_new/wavs/clean/WEATHER/weather.wav
weather 3.wav,WEATHER,weather,weather,hp80,train,/mnt/jfs_hpc/home/ron.andrei.soriano/sandbox/VCM-v2/data_new/wavs/hp80/WEATHER/weather.wav
weather 3.wav,WEATHER,weather,weather,rumble,train,/mnt/jfs_hpc/home/ron.andrei.soriano/sandbox/VCM-v2/data_new/wavs/rumble/WEATHER/weather.wav
weather 3.wav,WEATHER,weather,weather,white,train,/mnt/jfs_hpc/home/ron.andrei.soriano/sandbox/VCM-v2/data_new/wavs/white/WEATHER/weather.wav
weather 3.wav,WEATHER,weather,weather,babble,train,/mnt/jfs_hpc/home/ron.andrei.soriano/sandbox/VCM-v2/data_new/wavs/babble/WEATHER/weather.wav
weather 3.wav,WEATHER,weather,weather,reverb,train,/mnt/jfs_hpc/home/ron.andrei.soriano/sandbox/VCM-v2/data_new/wavs/reverb/WEATHER/weather.wav
weather 3.wav,WEATHER,weather,weather,pitch_up,train,/mnt/jfs_hpc/home/ron.andrei.soriano/sandbox/VCM-v2/data_new/wavs/pitch_up/WEATHER/weather.wav
weather 3.wav,WEATHER,weather,weather,pitch_down,train,/mnt/jfs_hpc/home/ron.andrei.soriano/sandbox/VCM-v2/data_new/wavs/pitch_down/WEATHER/weather.wav
weather 3.wav,WEATHER,weather,weather,stretch,train,/mnt/jfs_hpc/home/ron.andrei.soriano/sandbox/VCM-v2/data_new/wavs/stretch/WEATHER/weather.wav
what's the weather 3.wav,WEATHER,what's the weather,what's the weather,clean,val,/mnt/jfs_hpc/home/ron.andrei.soriano/sandbox/VCM-v2/data_new/wavs/clean/WEATHER/what's the weather.wav
what's the weather 3.wav,WEATHER,what's the weather,what's the weather,hp80,train,/mnt/jfs_hpc/home/ron.andrei.soriano/sandbox/VCM-v2/data_new/wavs/hp80/WEATHER/what's the weather.wav
what's the weather 3.wav,WEATHER,what's the weather,what's the weather,rumble,train,/mnt/jfs_hpc/home/ron.andrei.soriano/sandbox/VCM-v2/data_new/wavs/rumble/WEATHER/what's the weather.wav
what's the weather 3.wav,WEATHER,what's the weather,what's the weather,white,train,/mnt/jfs_hpc/home/ron.andrei.soriano/sandbox/VCM-v2/data_new/wavs/white/WEATHER/what's the weather.wav
what's the weather 3.wav,WEATHER,what's the weather,what's the weather,babble,train,/mnt/jfs_hpc/home/ron.andrei.soriano/sandbox/VCM-v2/data_new/wavs/babble/WEATHER/what's the weather.wav
what's the weather 3.wav,WEATHER,what's the weather,what's the weather,reverb,train,/mnt/jfs_hpc/home/ron.andrei.soriano/sandbox/VCM-v2/data_new/wavs/reverb/WEATHER/what's the weather.wav
what's the weather 3.wav,WEATHER,what's the weather,what's the weather,pitch_up,train,/mnt/jfs_hpc/home/ron.andrei.soriano/sandbox/VCM-v2/data_new/wavs/pitch_up/WEATHER/what's the weather.wav
what's the weather 3.wav,WEATHER,what's the weather,what's the weather,pitch_down,train,/mnt/jfs_hpc/home/ron.andrei.soriano/sandbox/VCM-v2/data_new/wavs/pitch_down/WEATHER/what's the weather.wav
what's the weather 3.wav,WEATHER,what's the weather,what's the weather,stretch,train,/mnt/jfs_hpc/home/ron.andrei.soriano/sandbox/VCM-v2/data_new/wavs/stretch/WEATHER/what's the weather.wav
whats the weather 1.wav,WEATHER,whats the weather,whats the weather,clean,val,/mnt/jfs_hpc/home/ron.andrei.soriano/sandbox/VCM-v2/data_new/wavs/clean/WEATHER/whats the weather.wav
whats the weather 1.wav,WEATHER,whats the weather,whats the weather,hp80,train,/mnt/jfs_hpc/home/ron.andrei.soriano/sandbox/VCM-v2/data_new/wavs/hp80/WEATHER/whats the weather.wav
whats the weather 1.wav,WEATHER,whats the weather,whats the weather,rumble,train,/mnt/jfs_hpc/home/ron.andrei.soriano/sandbox/VCM-v2/data_new/wavs/rumble/WEATHER/whats the weather.wav
whats the weather 1.wav,WEATHER,whats the weather,whats the weather,white,train,/mnt/jfs_hpc/home/ron.andrei.soriano/sandbox/VCM-v2/data_new/wavs/white/WEATHER/whats the weather.wav
whats the weather 1.wav,WEATHER,whats the weather,whats the weather,babble,train,/mnt/jfs_hpc/home/ron.andrei.soriano/sandbox/VCM-v2/data_new/wavs/babble/WEATHER/whats the weather.wav
whats the weather 1.wav,WEATHER,whats the weather,whats the weather,reverb,train,/mnt/jfs_hpc/home/ron.andrei.soriano/sandbox/VCM-v2/data_new/wavs/reverb/WEATHER/whats the weather.wav
whats the weather 1.wav,WEATHER,whats the weather,whats the weather,pitch_up,train,/mnt/jfs_hpc/home/ron.andrei.soriano/sandbox/VCM-v2/data_new/wavs/pitch_up/WEATHER/whats the weather.wav
whats the weather 1.wav,WEATHER,whats the weather,whats the weather,pitch_down,train,/mnt/jfs_hpc/home/ron.andrei.soriano/sandbox/VCM-v2/data_new/wavs/pitch_down/WEATHER/whats the weather.wav
whats the weather 1.wav,WEATHER,whats the weather,whats the weather,stretch,train,/mnt/jfs_hpc/home/ron.andrei.soriano/sandbox/VCM-v2/data_new/wavs/stretch/WEATHER/whats the weather.wav
whats the weather 2.wav,WEATHER,whats the weather,whats the weather,clean,val,/mnt/jfs_hpc/home/ron.andrei.soriano/sandbox/VCM-v2/data_new/wavs/clean/WEATHER/whats the weather.wav
whats the weather 2.wav,WEATHER,whats the weather,whats the weather,hp80,train,/mnt/jfs_hpc/home/ron.andrei.soriano/sandbox/VCM-v2/data_new/wavs/hp80/WEATHER/whats the weather.wav
whats the weather 2.wav,WEATHER,whats the weather,whats the weather,rumble,train,/mnt/jfs_hpc/home/ron.andrei.soriano/sandbox/VCM-v2/data_new/wavs/rumble/WEATHER/whats the weather.wav
whats the weather 2.wav,WEATHER,whats the weather,whats the weather,white,train,/mnt/jfs_hpc/home/ron.andrei.soriano/sandbox/VCM-v2/data_new/wavs/white/WEATHER/whats the weather.wav
whats the weather 2.wav,WEATHER,whats the weather,whats the weather,babble,train,/mnt/jfs_hpc/home/ron.andrei.soriano/sandbox/VCM-v2/data_new/wavs/babble/WEATHER/whats the weather.wav
whats the weather 2.wav,WEATHER,whats the weather,whats the weather,reverb,train,/mnt/jfs_hpc/home/ron.andrei.soriano/sandbox/VCM-v2/data_new/wavs/reverb/WEATHER/whats the weather.wav
whats the weather 2.wav,WEATHER,whats the weather,whats the weather,pitch_up,train,/mnt/jfs_hpc/home/ron.andrei.soriano/sandbox/VCM-v2/data_new/wavs/pitch_up/WEATHER/whats the weather.wav
whats the weather 2.wav,WEATHER,whats the weather,whats the weather,pitch_down,train,/mnt/jfs_hpc/home/ron.andrei.soriano/sandbox/VCM-v2/data_new/wavs/pitch_down/WEATHER/whats the weather.wav
whats the weather 2.wav,WEATHER,whats the weather,whats the weather,stretch,train,/mnt/jfs_hpc/home/ron.andrei.soriano/sandbox/VCM-v2/data_new/wavs/stretch/WEATHER/whats the weather.wav
